dataset,sample_id,legacy_id
L1-Arctic,aew/arctic_b0126,0
L1-Arctic,aew/arctic_b0132,1
L1-Arctic,aew/arctic_a0026,2
L1-Arctic,aew/arctic_a0032,3
L1-Arctic,aew/arctic_b0324,4
L1-Arctic,aew/arctic_b0442,5
L1-Arctic,aew/arctic_a0581,6
L1-Arctic,aew/arctic_b0456,7
L1-Arctic,aew/arctic_b0330,8
L1-Arctic,aew/arctic_b0318,9
L1-Arctic,aew/arctic_a0224,10
L1-Arctic,aew/arctic_b0481,11
L1-Arctic,aew/arctic_a0542,12
L1-Arctic,aew/arctic_b0495,13
L1-Arctic,aew/arctic_a0556,14
L1-Arctic,aew/arctic_a0230,15
L1-Arctic,aew/arctic_a0218,16
L1-Arctic,aew/arctic_b0250,17
L1-Arctic,aew/arctic_a0393,18
L1-Arctic,aew/arctic_b0536,19
L1-Arctic,aew/arctic_b0522,20
L1-Arctic,aew/arctic_b0244,21
L1-Arctic,aew/arctic_a0387,22
L1-Arctic,aew/arctic_b0278,23
L1-Arctic,aew/arctic_b0293,24
L1-Arctic,aew/arctic_a0350,25
L1-Arctic,aew/arctic_a0436,26
L1-Arctic,aew/arctic_a0422,27
L1-Arctic,aew/arctic_b0287,28
L1-Arctic,aew/arctic_a0344,29
L1-Arctic,aew/arctic_a0378,30
L1-Arctic,aew/arctic_a0191,31
L1-Arctic,aew/arctic_b0052,32
L1-Arctic,aew/arctic_a0185,33
L1-Arctic,aew/arctic_b0046,34
L1-Arctic,aew/arctic_a0152,35
L1-Arctic,aew/arctic_b0091,36
L1-Arctic,aew/arctic_a0146,37
L1-Arctic,aew/arctic_b0085,38
L1-Arctic,aew/arctic_b0084,39
L1-Arctic,aew/arctic_a0147,40
L1-Arctic,aew/arctic_b0090,41
L1-Arctic,aew/arctic_a0153,42
L1-Arctic,aew/arctic_b0047,43
L1-Arctic,aew/arctic_a0184,44
L1-Arctic,aew/arctic_b0053,45
L1-Arctic,aew/arctic_a0190,46
L1-Arctic,aew/arctic_a0379,47
L1-Arctic,aew/arctic_a0423,48
L1-Arctic,aew/arctic_a0345,49
L1-Arctic,aew/arctic_b0286,50
L1-Arctic,ahw/arctic_a0026,1132
L1-Arctic,ahw/arctic_a0032,1133
L1-Arctic,ahw/arctic_a0581,1134
L1-Arctic,ahw/arctic_a0224,1135
L1-Arctic,ahw/arctic_a0542,1136
L1-Arctic,ahw/arctic_a0556,1137
L1-Arctic,ahw/arctic_a0230,1138
L1-Arctic,ahw/arctic_a0218,1139
L1-Arctic,ahw/arctic_a0393,1140
L1-Arctic,ahw/arctic_a0387,1141
L1-Arctic,ahw/arctic_a0350,1142
L1-Arctic,ahw/arctic_a0436,1143
L1-Arctic,ahw/arctic_a0422,1144
L1-Arctic,ahw/arctic_a0344,1145
L1-Arctic,ahw/arctic_a0378,1146
L1-Arctic,ahw/arctic_a0191,1147
L1-Arctic,ahw/arctic_a0185,1148
L1-Arctic,ahw/arctic_a0152,1149
L1-Arctic,ahw/arctic_a0146,1150
L1-Arctic,ahw/arctic_a0147,1151
L1-Arctic,ahw/arctic_a0153,1152
L1-Arctic,ahw/arctic_a0184,1153
L1-Arctic,ahw/arctic_a0190,1154
L1-Arctic,ahw/arctic_a0379,1155
L1-Arctic,ahw/arctic_a0423,1156
L1-Arctic,ahw/arctic_a0345,1157
L1-Arctic,ahw/arctic_a0351,1158
L1-Arctic,ahw/arctic_a0437,1159
L1-Arctic,ahw/arctic_a0386,1160
L1-Arctic,ahw/arctic_a0392,1161
L1-Arctic,ahw/arctic_a0219,1162
L1-Arctic,ahw/arctic_a0557,1163
L1-Arctic,ahw/arctic_a0231,1164
L1-Arctic,ahw/arctic_a0225,1165
L1-Arctic,ahw/arctic_a0543,1166
L1-Arctic,ahw/arctic_a0580,1167
L1-Arctic,ahw/arctic_a0033,1168
L1-Arctic,ahw/arctic_a0027,1169
L1-Arctic,ahw/arctic_a0031,1170
L1-Arctic,ahw/arctic_a0025,1171
L1-Arctic,ahw/arctic_a0019,1172
L1-Arctic,ahw/arctic_a0582,1173
L1-Arctic,ahw/arctic_a0233,1174
L1-Arctic,ahw/arctic_a0555,1175
L1-Arctic,ahw/arctic_a0541,1176
L1-Arctic,ahw/arctic_a0227,1177
L1-Arctic,ahw/arctic_a0569,1178
L1-Arctic,ahw/arctic_a0384,1179
L1-Arctic,ahw/arctic_a0390,1180
L1-Arctic,ahw/arctic_a0347,1181
L1-Arctic,ahw/arctic_a0421,1182
L1-Arctic,aup/arctic_a0026,1725
L1-Arctic,aup/arctic_a0032,1726
L1-Arctic,aup/arctic_a0581,1727
L1-Arctic,aup/arctic_a0224,1728
L1-Arctic,aup/arctic_a0542,1729
L1-Arctic,aup/arctic_a0556,1730
L1-Arctic,aup/arctic_a0230,1731
L1-Arctic,aup/arctic_a0218,1732
L1-Arctic,aup/arctic_a0393,1733
L1-Arctic,aup/arctic_a0387,1734
L1-Arctic,aup/arctic_a0350,1735
L1-Arctic,aup/arctic_a0436,1736
L1-Arctic,aup/arctic_a0422,1737
L1-Arctic,aup/arctic_a0344,1738
L1-Arctic,aup/arctic_a0378,1739
L1-Arctic,aup/arctic_a0191,1740
L1-Arctic,aup/arctic_a0185,1741
L1-Arctic,aup/arctic_a0152,1742
L1-Arctic,aup/arctic_a0146,1743
L1-Arctic,aup/arctic_a0147,1744
L1-Arctic,aup/arctic_a0153,1745
L1-Arctic,aup/arctic_a0184,1746
L1-Arctic,aup/arctic_a0190,1747
L1-Arctic,aup/arctic_a0379,1748
L1-Arctic,aup/arctic_a0423,1749
L1-Arctic,aup/arctic_a0345,1750
L1-Arctic,aup/arctic_a0351,1751
L1-Arctic,aup/arctic_a0437,1752
L1-Arctic,aup/arctic_a0386,1753
L1-Arctic,aup/arctic_a0392,1754
L1-Arctic,aup/arctic_a0219,1755
L1-Arctic,aup/arctic_a0557,1756
L1-Arctic,aup/arctic_a0231,1757
L1-Arctic,aup/arctic_a0225,1758
L1-Arctic,aup/arctic_a0543,1759
L1-Arctic,aup/arctic_a0580,1760
L1-Arctic,aup/arctic_a0033,1761
L1-Arctic,aup/arctic_a0027,1762
L1-Arctic,aup/arctic_a0031,1763
L1-Arctic,aup/arctic_a0025,1764
L1-Arctic,aup/arctic_a0019,1765
L1-Arctic,aup/arctic_a0582,1766
L1-Arctic,aup/arctic_a0233,1767
L1-Arctic,aup/arctic_a0555,1768
L1-Arctic,aup/arctic_a0541,1769
L1-Arctic,aup/arctic_a0227,1770
L1-Arctic,aup/arctic_a0569,1771
L1-Arctic,aup/arctic_a0384,1772
L1-Arctic,aup/arctic_a0390,1773
L1-Arctic,aup/arctic_a0347,1774
L1-Arctic,aup/arctic_a0421,1775
L1-Arctic,awb/arctic_b0126,2318
L1-Arctic,awb/arctic_b0132,2319
L1-Arctic,awb/arctic_a0026,2320
L1-Arctic,awb/arctic_a0032,2321
L1-Arctic,awb/arctic_b0324,2322
L1-Arctic,awb/arctic_b0442,2323
L1-Arctic,awb/arctic_a0581,2324
L1-Arctic,awb/arctic_b0456,2325
L1-Arctic,awb/arctic_a0595,2326
L1-Arctic,awb/arctic_b0330,2327
L1-Arctic,awb/arctic_b0318,2328
L1-Arctic,awb/arctic_a0224,2329
L1-Arctic,awb/arctic_b0481,2330
L1-Arctic,awb/arctic_a0542,2331
L1-Arctic,awb/arctic_b0495,2332
L1-Arctic,awb/arctic_a0556,2333
L1-Arctic,awb/arctic_a0230,2334
L1-Arctic,awb/arctic_a0218,2335
L1-Arctic,awb/arctic_b0250,2336
L1-Arctic,awb/arctic_a0393,2337
L1-Arctic,awb/arctic_b0536,2338
L1-Arctic,awb/arctic_b0522,2339
L1-Arctic,awb/arctic_b0244,2340
L1-Arctic,awb/arctic_a0387,2341
L1-Arctic,awb/arctic_b0278,2342
L1-Arctic,awb/arctic_b0293,2343
L1-Arctic,awb/arctic_a0350,2344
L1-Arctic,awb/arctic_a0436,2345
L1-Arctic,awb/arctic_a0422,2346
L1-Arctic,awb/arctic_b0287,2347
L1-Arctic,awb/arctic_a0344,2348
L1-Arctic,awb/arctic_a0378,2349
L1-Arctic,awb/arctic_a0191,2350
L1-Arctic,awb/arctic_b0052,2351
L1-Arctic,awb/arctic_a0185,2352
L1-Arctic,awb/arctic_b0046,2353
L1-Arctic,awb/arctic_a0152,2354
L1-Arctic,awb/arctic_b0091,2355
L1-Arctic,awb/arctic_a0146,2356
L1-Arctic,awb/arctic_b0085,2357
L1-Arctic,awb/arctic_b0084,2358
L1-Arctic,awb/arctic_a0147,2359
L1-Arctic,awb/arctic_b0090,2360
L1-Arctic,awb/arctic_a0153,2361
L1-Arctic,awb/arctic_b0047,2362
L1-Arctic,awb/arctic_a0184,2363
L1-Arctic,awb/arctic_b0053,2364
L1-Arctic,awb/arctic_a0190,2365
L1-Arctic,awb/arctic_a0379,2366
L1-Arctic,awb/arctic_a0423,2367
L1-Arctic,awb/arctic_a0345,2368
L1-Arctic,axb/arctic_a0026,3456
L1-Arctic,axb/arctic_a0032,3457
L1-Arctic,axb/arctic_a0581,3458
L1-Arctic,axb/arctic_a0224,3459
L1-Arctic,axb/arctic_a0542,3460
L1-Arctic,axb/arctic_a0556,3461
L1-Arctic,axb/arctic_a0230,3462
L1-Arctic,axb/arctic_a0218,3463
L1-Arctic,axb/arctic_a0393,3464
L1-Arctic,axb/arctic_a0387,3465
L1-Arctic,axb/arctic_a0350,3466
L1-Arctic,axb/arctic_a0436,3467
L1-Arctic,axb/arctic_a0422,3468
L1-Arctic,axb/arctic_a0344,3469
L1-Arctic,axb/arctic_a0378,3470
L1-Arctic,axb/arctic_a0191,3471
L1-Arctic,axb/arctic_a0185,3472
L1-Arctic,axb/arctic_a0152,3473
L1-Arctic,axb/arctic_a0146,3474
L1-Arctic,axb/arctic_a0147,3475
L1-Arctic,axb/arctic_a0153,3476
L1-Arctic,axb/arctic_a0184,3477
L1-Arctic,axb/arctic_a0190,3478
L1-Arctic,axb/arctic_a0379,3479
L1-Arctic,axb/arctic_a0423,3480
L1-Arctic,axb/arctic_a0345,3481
L1-Arctic,axb/arctic_a0351,3482
L1-Arctic,axb/arctic_a0437,3483
L1-Arctic,axb/arctic_a0386,3484
L1-Arctic,axb/arctic_a0392,3485
L1-Arctic,axb/arctic_a0219,3486
L1-Arctic,axb/arctic_a0557,3487
L1-Arctic,axb/arctic_a0231,3488
L1-Arctic,axb/arctic_a0225,3489
L1-Arctic,axb/arctic_a0543,3490
L1-Arctic,axb/arctic_a0580,3491
L1-Arctic,axb/arctic_a0033,3492
L1-Arctic,axb/arctic_a0027,3493
L1-Arctic,axb/arctic_a0031,3494
L1-Arctic,axb/arctic_a0025,3495
L1-Arctic,axb/arctic_a0019,3496
L1-Arctic,axb/arctic_a0582,3497
L1-Arctic,axb/arctic_a0233,3498
L1-Arctic,axb/arctic_a0555,3499
L1-Arctic,axb/arctic_a0541,3500
L1-Arctic,axb/arctic_a0227,3501
L1-Arctic,axb/arctic_a0569,3502
L1-Arctic,axb/arctic_a0384,3503
L1-Arctic,axb/arctic_a0390,3504
L1-Arctic,axb/arctic_a0347,3505
L1-Arctic,axb/arctic_a0421,3506
L1-Arctic,bdl/arctic_b0126,4049
L1-Arctic,bdl/arctic_b0132,4050
L1-Arctic,bdl/arctic_a0026,4051
L1-Arctic,bdl/arctic_a0032,4052
L1-Arctic,bdl/arctic_b0324,4053
L1-Arctic,bdl/arctic_b0442,4054
L1-Arctic,bdl/arctic_a0581,4055
L1-Arctic,bdl/arctic_b0456,4056
L1-Arctic,bdl/arctic_b0330,4057
L1-Arctic,bdl/arctic_b0318,4058
L1-Arctic,bdl/arctic_a0224,4059
L1-Arctic,bdl/arctic_b0481,4060
L1-Arctic,bdl/arctic_a0542,4061
L1-Arctic,bdl/arctic_b0495,4062
L1-Arctic,bdl/arctic_a0556,4063
L1-Arctic,bdl/arctic_a0230,4064
L1-Arctic,bdl/arctic_a0218,4065
L1-Arctic,bdl/arctic_b0250,4066
L1-Arctic,bdl/arctic_a0393,4067
L1-Arctic,bdl/arctic_b0536,4068
L1-Arctic,bdl/arctic_b0522,4069
L1-Arctic,bdl/arctic_b0244,4070
L1-Arctic,bdl/arctic_a0387,4071
L1-Arctic,bdl/arctic_b0278,4072
L1-Arctic,bdl/arctic_b0293,4073
L1-Arctic,bdl/arctic_a0350,4074
L1-Arctic,bdl/arctic_a0436,4075
L1-Arctic,bdl/arctic_a0422,4076
L1-Arctic,bdl/arctic_b0287,4077
L1-Arctic,bdl/arctic_a0344,4078
L1-Arctic,bdl/arctic_a0378,4079
L1-Arctic,bdl/arctic_a0191,4080
L1-Arctic,bdl/arctic_b0052,4081
L1-Arctic,bdl/arctic_a0185,4082
L1-Arctic,bdl/arctic_b0046,4083
L1-Arctic,bdl/arctic_a0152,4084
L1-Arctic,bdl/arctic_b0091,4085
L1-Arctic,bdl/arctic_a0146,4086
L1-Arctic,bdl/arctic_b0085,4087
L1-Arctic,bdl/arctic_b0084,4088
L1-Arctic,bdl/arctic_a0147,4089
L1-Arctic,bdl/arctic_b0090,4090
L1-Arctic,bdl/arctic_a0153,4091
L1-Arctic,bdl/arctic_b0047,4092
L1-Arctic,bdl/arctic_a0184,4093
L1-Arctic,bdl/arctic_b0053,4094
L1-Arctic,bdl/arctic_a0190,4095
L1-Arctic,bdl/arctic_a0379,4096
L1-Arctic,bdl/arctic_a0423,4097
L1-Arctic,bdl/arctic_a0345,4098
L1-Arctic,bdl/arctic_b0286,4099
L1-Arctic,clb/arctic_b0126,5180
L1-Arctic,clb/arctic_b0132,5181
L1-Arctic,clb/arctic_a0026,5182
L1-Arctic,clb/arctic_a0032,5183
L1-Arctic,clb/arctic_b0324,5184
L1-Arctic,clb/arctic_b0442,5185
L1-Arctic,clb/arctic_a0581,5186
L1-Arctic,clb/arctic_b0456,5187
L1-Arctic,clb/arctic_b0330,5188
L1-Arctic,clb/arctic_b0318,5189
L1-Arctic,clb/arctic_a0224,5190
L1-Arctic,clb/arctic_b0481,5191
L1-Arctic,clb/arctic_a0542,5192
L1-Arctic,clb/arctic_b0495,5193
L1-Arctic,clb/arctic_a0556,5194
L1-Arctic,clb/arctic_a0230,5195
L1-Arctic,clb/arctic_a0218,5196
L1-Arctic,clb/arctic_b0250,5197
L1-Arctic,clb/arctic_a0393,5198
L1-Arctic,clb/arctic_b0536,5199
L1-Arctic,clb/arctic_b0522,5200
L1-Arctic,clb/arctic_b0244,5201
L1-Arctic,clb/arctic_a0387,5202
L1-Arctic,clb/arctic_b0278,5203
L1-Arctic,clb/arctic_b0293,5204
L1-Arctic,clb/arctic_a0350,5205
L1-Arctic,clb/arctic_a0436,5206
L1-Arctic,clb/arctic_a0422,5207
L1-Arctic,clb/arctic_b0287,5208
L1-Arctic,clb/arctic_a0344,5209
L1-Arctic,clb/arctic_a0378,5210
L1-Arctic,clb/arctic_a0191,5211
L1-Arctic,clb/arctic_b0052,5212
L1-Arctic,clb/arctic_a0185,5213
L1-Arctic,clb/arctic_b0046,5214
L1-Arctic,clb/arctic_a0152,5215
L1-Arctic,clb/arctic_b0091,5216
L1-Arctic,clb/arctic_a0146,5217
L1-Arctic,clb/arctic_b0085,5218
L1-Arctic,clb/arctic_b0084,5219
L1-Arctic,clb/arctic_a0147,5220
L1-Arctic,clb/arctic_b0090,5221
L1-Arctic,clb/arctic_a0153,5222
L1-Arctic,clb/arctic_b0047,5223
L1-Arctic,clb/arctic_a0184,5224
L1-Arctic,clb/arctic_b0053,5225
L1-Arctic,clb/arctic_a0190,5226
L1-Arctic,clb/arctic_a0379,5227
L1-Arctic,clb/arctic_a0423,5228
L1-Arctic,clb/arctic_a0345,5229
L1-Arctic,clb/arctic_b0286,5230
L1-Arctic,eey/arctic_a0026,6312
L1-Arctic,eey/arctic_a0032,6313
L1-Arctic,eey/arctic_a0581,6314
L1-Arctic,eey/arctic_a0224,6315
L1-Arctic,eey/arctic_a0542,6316
L1-Arctic,eey/arctic_a0556,6317
L1-Arctic,eey/arctic_a0230,6318
L1-Arctic,eey/arctic_a0218,6319
L1-Arctic,eey/arctic_a0393,6320
L1-Arctic,eey/arctic_a0387,6321
L1-Arctic,eey/arctic_a0350,6322
L1-Arctic,eey/arctic_a0436,6323
L1-Arctic,eey/arctic_a0422,6324
L1-Arctic,eey/arctic_a0344,6325
L1-Arctic,eey/arctic_a0378,6326
L1-Arctic,eey/arctic_a0191,6327
L1-Arctic,eey/arctic_a0185,6328
L1-Arctic,eey/arctic_a0152,6329
L1-Arctic,eey/arctic_a0146,6330
L1-Arctic,eey/arctic_a0147,6331
L1-Arctic,eey/arctic_a0153,6332
L1-Arctic,eey/arctic_a0184,6333
L1-Arctic,eey/arctic_a0190,6334
L1-Arctic,eey/arctic_a0379,6335
L1-Arctic,eey/arctic_a0423,6336
L1-Arctic,eey/arctic_a0345,6337
L1-Arctic,eey/arctic_a0351,6338
L1-Arctic,eey/arctic_a0437,6339
L1-Arctic,eey/arctic_a0386,6340
L1-Arctic,eey/arctic_a0392,6341
L1-Arctic,eey/arctic_a0219,6342
L1-Arctic,eey/arctic_a0557,6343
L1-Arctic,eey/arctic_a0231,6344
L1-Arctic,eey/arctic_a0225,6345
L1-Arctic,eey/arctic_a0543,6346
L1-Arctic,eey/arctic_a0580,6347
L1-Arctic,eey/arctic_a0033,6348
L1-Arctic,eey/arctic_a0027,6349
L1-Arctic,eey/arctic_a0031,6350
L1-Arctic,eey/arctic_a0025,6351
L1-Arctic,eey/arctic_a0019,6352
L1-Arctic,eey/arctic_a0582,6353
L1-Arctic,eey/arctic_a0233,6354
L1-Arctic,eey/arctic_a0555,6355
L1-Arctic,eey/arctic_a0541,6356
L1-Arctic,eey/arctic_a0227,6357
L1-Arctic,eey/arctic_a0569,6358
L1-Arctic,eey/arctic_a0384,6359
L1-Arctic,eey/arctic_a0390,6360
L1-Arctic,eey/arctic_a0347,6361
L1-Arctic,eey/arctic_a0421,6362
L1-Arctic,fem/arctic_a0026,6904
L1-Arctic,fem/arctic_a0032,6905
L1-Arctic,fem/arctic_a0581,6906
L1-Arctic,fem/arctic_a0224,6907
L1-Arctic,fem/arctic_a0542,6908
L1-Arctic,fem/arctic_a0556,6909
L1-Arctic,fem/arctic_a0230,6910
L1-Arctic,fem/arctic_a0218,6911
L1-Arctic,fem/arctic_a0393,6912
L1-Arctic,fem/arctic_a0387,6913
L1-Arctic,fem/arctic_a0350,6914
L1-Arctic,fem/arctic_a0436,6915
L1-Arctic,fem/arctic_a0422,6916
L1-Arctic,fem/arctic_a0344,6917
L1-Arctic,fem/arctic_a0378,6918
L1-Arctic,fem/arctic_a0191,6919
L1-Arctic,fem/arctic_a0185,6920
L1-Arctic,fem/arctic_a0152,6921
L1-Arctic,fem/arctic_a0146,6922
L1-Arctic,fem/arctic_a0147,6923
L1-Arctic,fem/arctic_a0153,6924
L1-Arctic,fem/arctic_a0184,6925
L1-Arctic,fem/arctic_a0190,6926
L1-Arctic,fem/arctic_a0379,6927
L1-Arctic,fem/arctic_a0423,6928
L1-Arctic,fem/arctic_a0345,6929
L1-Arctic,fem/arctic_a0351,6930
L1-Arctic,fem/arctic_a0437,6931
L1-Arctic,fem/arctic_a0386,6932
L1-Arctic,fem/arctic_a0392,6933
L1-Arctic,fem/arctic_a0219,6934
L1-Arctic,fem/arctic_a0557,6935
L1-Arctic,fem/arctic_a0231,6936
L1-Arctic,fem/arctic_a0225,6937
L1-Arctic,fem/arctic_a0543,6938
L1-Arctic,fem/arctic_a0580,6939
L1-Arctic,fem/arctic_a0033,6940
L1-Arctic,fem/arctic_a0027,6941
L1-Arctic,fem/arctic_a0031,6942
L1-Arctic,fem/arctic_a0025,6943
L1-Arctic,fem/arctic_a0019,6944
L1-Arctic,fem/arctic_a0582,6945
L1-Arctic,fem/arctic_a0233,6946
L1-Arctic,fem/arctic_a0555,6947
L1-Arctic,fem/arctic_a0541,6948
L1-Arctic,fem/arctic_a0227,6949
L1-Arctic,fem/arctic_a0569,6950
L1-Arctic,fem/arctic_a0384,6951
L1-Arctic,fem/arctic_a0390,6952
L1-Arctic,fem/arctic_a0347,6953
L1-Arctic,fem/arctic_a0421,6954
L1-Arctic,gka/arctic_a0026,7497
L1-Arctic,gka/arctic_a0032,7498
L1-Arctic,gka/arctic_a0581,7499
L1-Arctic,gka/arctic_a0224,7500
L1-Arctic,gka/arctic_a0542,7501
L1-Arctic,gka/arctic_a0556,7502
L1-Arctic,gka/arctic_a0230,7503
L1-Arctic,gka/arctic_a0218,7504
L1-Arctic,gka/arctic_a0393,7505
L1-Arctic,gka/arctic_a0387,7506
L1-Arctic,gka/arctic_a0350,7507
L1-Arctic,gka/arctic_a0436,7508
L1-Arctic,gka/arctic_a0422,7509
L1-Arctic,gka/arctic_a0344,7510
L1-Arctic,gka/arctic_a0378,7511
L1-Arctic,gka/arctic_a0191,7512
L1-Arctic,gka/arctic_a0185,7513
L1-Arctic,gka/arctic_a0152,7514
L1-Arctic,gka/arctic_a0146,7515
L1-Arctic,gka/arctic_a0147,7516
L1-Arctic,gka/arctic_a0153,7517
L1-Arctic,gka/arctic_a0184,7518
L1-Arctic,gka/arctic_a0190,7519
L1-Arctic,gka/arctic_a0379,7520
L1-Arctic,gka/arctic_a0423,7521
L1-Arctic,gka/arctic_a0345,7522
L1-Arctic,gka/arctic_a0351,7523
L1-Arctic,gka/arctic_a0437,7524
L1-Arctic,gka/arctic_a0386,7525
L1-Arctic,gka/arctic_a0392,7526
L1-Arctic,gka/arctic_a0219,7527
L1-Arctic,gka/arctic_a0557,7528
L1-Arctic,gka/arctic_a0231,7529
L1-Arctic,gka/arctic_a0225,7530
L1-Arctic,gka/arctic_a0543,7531
L1-Arctic,gka/arctic_a0580,7532
L1-Arctic,gka/arctic_a0033,7533
L1-Arctic,gka/arctic_a0027,7534
L1-Arctic,gka/arctic_a0031,7535
L1-Arctic,gka/arctic_a0025,7536
L1-Arctic,gka/arctic_a0019,7537
L1-Arctic,gka/arctic_a0582,7538
L1-Arctic,gka/arctic_a0233,7539
L1-Arctic,gka/arctic_a0555,7540
L1-Arctic,gka/arctic_a0541,7541
L1-Arctic,gka/arctic_a0227,7542
L1-Arctic,gka/arctic_a0569,7543
L1-Arctic,gka/arctic_a0384,7544
L1-Arctic,gka/arctic_a0390,7545
L1-Arctic,gka/arctic_a0347,7546
L1-Arctic,gka/arctic_a0421,7547
L1-Arctic,jmk/arctic_b0126,8089
L1-Arctic,jmk/arctic_b0132,8090
L1-Arctic,jmk/arctic_a0026,8091
L1-Arctic,jmk/arctic_a0032,8092
L1-Arctic,jmk/arctic_b0324,8093
L1-Arctic,jmk/arctic_b0442,8094
L1-Arctic,jmk/arctic_a0581,8095
L1-Arctic,jmk/arctic_b0456,8096
L1-Arctic,jmk/arctic_b0330,8097
L1-Arctic,jmk/arctic_b0318,8098
L1-Arctic,jmk/arctic_a0224,8099
L1-Arctic,jmk/arctic_b0481,8100
L1-Arctic,jmk/arctic_b0495,8101
L1-Arctic,jmk/arctic_a0556,8102
L1-Arctic,jmk/arctic_a0230,8103
L1-Arctic,jmk/arctic_a0218,8104
L1-Arctic,jmk/arctic_b0250,8105
L1-Arctic,jmk/arctic_a0393,8106
L1-Arctic,jmk/arctic_b0536,8107
L1-Arctic,jmk/arctic_b0522,8108
L1-Arctic,jmk/arctic_b0244,8109
L1-Arctic,jmk/arctic_a0387,8110
L1-Arctic,jmk/arctic_b0278,8111
L1-Arctic,jmk/arctic_b0293,8112
L1-Arctic,jmk/arctic_a0350,8113
L1-Arctic,jmk/arctic_a0436,8114
L1-Arctic,jmk/arctic_a0422,8115
L1-Arctic,jmk/arctic_b0287,8116
L1-Arctic,jmk/arctic_a0344,8117
L1-Arctic,jmk/arctic_a0378,8118
L1-Arctic,jmk/arctic_a0191,8119
L1-Arctic,jmk/arctic_b0052,8120
L1-Arctic,jmk/arctic_a0185,8121
L1-Arctic,jmk/arctic_b0046,8122
L1-Arctic,jmk/arctic_a0152,8123
L1-Arctic,jmk/arctic_b0091,8124
L1-Arctic,jmk/arctic_a0146,8125
L1-Arctic,jmk/arctic_b0085,8126
L1-Arctic,jmk/arctic_b0084,8127
L1-Arctic,jmk/arctic_a0147,8128
L1-Arctic,jmk/arctic_b0090,8129
L1-Arctic,jmk/arctic_a0153,8130
L1-Arctic,jmk/arctic_b0047,8131
L1-Arctic,jmk/arctic_a0184,8132
L1-Arctic,jmk/arctic_b0053,8133
L1-Arctic,jmk/arctic_a0190,8134
L1-Arctic,jmk/arctic_a0379,8135
L1-Arctic,jmk/arctic_a0423,8136
L1-Arctic,jmk/arctic_a0345,8137
L1-Arctic,jmk/arctic_b0286,8138
L1-Arctic,jmk/arctic_a0351,8139
L1-Arctic,ksp/arctic_b0126,9203
L1-Arctic,ksp/arctic_b0132,9204
L1-Arctic,ksp/arctic_a0026,9205
L1-Arctic,ksp/arctic_a0032,9206
L1-Arctic,ksp/arctic_b0324,9207
L1-Arctic,ksp/arctic_b0442,9208
L1-Arctic,ksp/arctic_a0581,9209
L1-Arctic,ksp/arctic_b0456,9210
L1-Arctic,ksp/arctic_b0330,9211
L1-Arctic,ksp/arctic_b0318,9212
L1-Arctic,ksp/arctic_a0224,9213
L1-Arctic,ksp/arctic_b0481,9214
L1-Arctic,ksp/arctic_a0542,9215
L1-Arctic,ksp/arctic_b0495,9216
L1-Arctic,ksp/arctic_a0556,9217
L1-Arctic,ksp/arctic_a0230,9218
L1-Arctic,ksp/arctic_a0218,9219
L1-Arctic,ksp/arctic_b0250,9220
L1-Arctic,ksp/arctic_a0393,9221
L1-Arctic,ksp/arctic_b0536,9222
L1-Arctic,ksp/arctic_b0522,9223
L1-Arctic,ksp/arctic_b0244,9224
L1-Arctic,ksp/arctic_a0387,9225
L1-Arctic,ksp/arctic_b0278,9226
L1-Arctic,ksp/arctic_b0293,9227
L1-Arctic,ksp/arctic_a0350,9228
L1-Arctic,ksp/arctic_a0436,9229
L1-Arctic,ksp/arctic_a0422,9230
L1-Arctic,ksp/arctic_b0287,9231
L1-Arctic,ksp/arctic_a0344,9232
L1-Arctic,ksp/arctic_a0378,9233
L1-Arctic,ksp/arctic_a0191,9234
L1-Arctic,ksp/arctic_b0052,9235
L1-Arctic,ksp/arctic_a0185,9236
L1-Arctic,ksp/arctic_b0046,9237
L1-Arctic,ksp/arctic_a0152,9238
L1-Arctic,ksp/arctic_b0091,9239
L1-Arctic,ksp/arctic_a0146,9240
L1-Arctic,ksp/arctic_b0085,9241
L1-Arctic,ksp/arctic_b0084,9242
L1-Arctic,ksp/arctic_a0147,9243
L1-Arctic,ksp/arctic_b0090,9244
L1-Arctic,ksp/arctic_a0153,9245
L1-Arctic,ksp/arctic_b0047,9246
L1-Arctic,ksp/arctic_a0184,9247
L1-Arctic,ksp/arctic_b0053,9248
L1-Arctic,ksp/arctic_a0190,9249
L1-Arctic,ksp/arctic_a0379,9250
L1-Arctic,ksp/arctic_a0423,9251
L1-Arctic,ksp/arctic_a0345,9252
L1-Arctic,ksp/arctic_b0286,9253
L1-Arctic,ljm/arctic_a0026,10335
L1-Arctic,ljm/arctic_a0032,10336
L1-Arctic,ljm/arctic_a0581,10337
L1-Arctic,ljm/arctic_a0224,10338
L1-Arctic,ljm/arctic_a0542,10339
L1-Arctic,ljm/arctic_a0556,10340
L1-Arctic,ljm/arctic_a0230,10341
L1-Arctic,ljm/arctic_a0218,10342
L1-Arctic,ljm/arctic_a0393,10343
L1-Arctic,ljm/arctic_a0387,10344
L1-Arctic,ljm/arctic_a0350,10345
L1-Arctic,ljm/arctic_a0436,10346
L1-Arctic,ljm/arctic_a0422,10347
L1-Arctic,ljm/arctic_a0344,10348
L1-Arctic,ljm/arctic_a0378,10349
L1-Arctic,ljm/arctic_a0191,10350
L1-Arctic,ljm/arctic_a0185,10351
L1-Arctic,ljm/arctic_a0152,10352
L1-Arctic,ljm/arctic_a0146,10353
L1-Arctic,ljm/arctic_a0147,10354
L1-Arctic,ljm/arctic_a0153,10355
L1-Arctic,ljm/arctic_a0184,10356
L1-Arctic,ljm/arctic_a0190,10357
L1-Arctic,ljm/arctic_a0379,10358
L1-Arctic,ljm/arctic_a0423,10359
L1-Arctic,ljm/arctic_a0345,10360
L1-Arctic,ljm/arctic_a0351,10361
L1-Arctic,ljm/arctic_a0437,10362
L1-Arctic,ljm/arctic_a0386,10363
L1-Arctic,ljm/arctic_a0392,10364
L1-Arctic,ljm/arctic_a0219,10365
L1-Arctic,ljm/arctic_a0557,10366
L1-Arctic,ljm/arctic_a0231,10367
L1-Arctic,ljm/arctic_a0225,10368
L1-Arctic,ljm/arctic_a0543,10369
L1-Arctic,ljm/arctic_a0580,10370
L1-Arctic,ljm/arctic_a0033,10371
L1-Arctic,ljm/arctic_a0027,10372
L1-Arctic,ljm/arctic_a0031,10373
L1-Arctic,ljm/arctic_a0025,10374
L1-Arctic,ljm/arctic_a0019,10375
L1-Arctic,ljm/arctic_a0582,10376
L1-Arctic,ljm/arctic_a0233,10377
L1-Arctic,ljm/arctic_a0555,10378
L1-Arctic,ljm/arctic_a0541,10379
L1-Arctic,ljm/arctic_a0227,10380
L1-Arctic,ljm/arctic_a0569,10381
L1-Arctic,ljm/arctic_a0384,10382
L1-Arctic,ljm/arctic_a0390,10383
L1-Arctic,ljm/arctic_a0347,10384
L1-Arctic,ljm/arctic_a0421,10385
L1-Arctic,lnh/arctic_b0126,10928
L1-Arctic,lnh/arctic_b0132,10929
L1-Arctic,lnh/arctic_a0026,10930
L1-Arctic,lnh/arctic_a0032,10931
L1-Arctic,lnh/arctic_b0324,10932
L1-Arctic,lnh/arctic_b0442,10933
L1-Arctic,lnh/arctic_a0581,10934
L1-Arctic,lnh/arctic_b0456,10935
L1-Arctic,lnh/arctic_b0330,10936
L1-Arctic,lnh/arctic_b0318,10937
L1-Arctic,lnh/arctic_a0224,10938
L1-Arctic,lnh/arctic_b0481,10939
L1-Arctic,lnh/arctic_a0542,10940
L1-Arctic,lnh/arctic_b0495,10941
L1-Arctic,lnh/arctic_a0556,10942
L1-Arctic,lnh/arctic_a0230,10943
L1-Arctic,lnh/arctic_a0218,10944
L1-Arctic,lnh/arctic_b0250,10945
L1-Arctic,lnh/arctic_a0393,10946
L1-Arctic,lnh/arctic_b0536,10947
L1-Arctic,lnh/arctic_b0522,10948
L1-Arctic,lnh/arctic_b0244,10949
L1-Arctic,lnh/arctic_a0387,10950
L1-Arctic,lnh/arctic_b0278,10951
L1-Arctic,lnh/arctic_b0293,10952
L1-Arctic,lnh/arctic_a0350,10953
L1-Arctic,lnh/arctic_a0436,10954
L1-Arctic,lnh/arctic_a0422,10955
L1-Arctic,lnh/arctic_b0287,10956
L1-Arctic,lnh/arctic_a0344,10957
L1-Arctic,lnh/arctic_a0378,10958
L1-Arctic,lnh/arctic_a0191,10959
L1-Arctic,lnh/arctic_b0052,10960
L1-Arctic,lnh/arctic_a0185,10961
L1-Arctic,lnh/arctic_b0046,10962
L1-Arctic,lnh/arctic_a0152,10963
L1-Arctic,lnh/arctic_b0091,10964
L1-Arctic,lnh/arctic_a0146,10965
L1-Arctic,lnh/arctic_b0085,10966
L1-Arctic,lnh/arctic_b0084,10967
L1-Arctic,lnh/arctic_a0147,10968
L1-Arctic,lnh/arctic_b0090,10969
L1-Arctic,lnh/arctic_a0153,10970
L1-Arctic,lnh/arctic_b0047,10971
L1-Arctic,lnh/arctic_a0184,10972
L1-Arctic,lnh/arctic_b0053,10973
L1-Arctic,lnh/arctic_a0190,10974
L1-Arctic,lnh/arctic_a0379,10975
L1-Arctic,lnh/arctic_a0423,10976
L1-Arctic,lnh/arctic_a0345,10977
L1-Arctic,lnh/arctic_b0286,10978
L1-Arctic,rms/arctic_b0126,12060
L1-Arctic,rms/arctic_b0132,12061
L1-Arctic,rms/arctic_a0026,12062
L1-Arctic,rms/arctic_a0032,12063
L1-Arctic,rms/arctic_b0324,12064
L1-Arctic,rms/arctic_b0442,12065
L1-Arctic,rms/arctic_a0581,12066
L1-Arctic,rms/arctic_b0456,12067
L1-Arctic,rms/arctic_b0330,12068
L1-Arctic,rms/arctic_b0318,12069
L1-Arctic,rms/arctic_a0224,12070
L1-Arctic,rms/arctic_b0481,12071
L1-Arctic,rms/arctic_a0542,12072
L1-Arctic,rms/arctic_b0495,12073
L1-Arctic,rms/arctic_a0556,12074
L1-Arctic,rms/arctic_a0230,12075
L1-Arctic,rms/arctic_a0218,12076
L1-Arctic,rms/arctic_b0250,12077
L1-Arctic,rms/arctic_a0393,12078
L1-Arctic,rms/arctic_b0536,12079
L1-Arctic,rms/arctic_b0522,12080
L1-Arctic,rms/arctic_b0244,12081
L1-Arctic,rms/arctic_a0387,12082
L1-Arctic,rms/arctic_b0278,12083
L1-Arctic,rms/arctic_b0293,12084
L1-Arctic,rms/arctic_a0350,12085
L1-Arctic,rms/arctic_a0436,12086
L1-Arctic,rms/arctic_a0422,12087
L1-Arctic,rms/arctic_b0287,12088
L1-Arctic,rms/arctic_a0344,12089
L1-Arctic,rms/arctic_a0378,12090
L1-Arctic,rms/arctic_a0191,12091
L1-Arctic,rms/arctic_b0052,12092
L1-Arctic,rms/arctic_a0185,12093
L1-Arctic,rms/arctic_b0046,12094
L1-Arctic,rms/arctic_a0152,12095
L1-Arctic,rms/arctic_b0091,12096
L1-Arctic,rms/arctic_a0146,12097
L1-Arctic,rms/arctic_b0085,12098
L1-Arctic,rms/arctic_b0084,12099
L1-Arctic,rms/arctic_a0147,12100
L1-Arctic,rms/arctic_b0090,12101
L1-Arctic,rms/arctic_a0153,12102
L1-Arctic,rms/arctic_b0047,12103
L1-Arctic,rms/arctic_a0184,12104
L1-Arctic,rms/arctic_b0053,12105
L1-Arctic,rms/arctic_a0190,12106
L1-Arctic,rms/arctic_a0379,12107
L1-Arctic,rms/arctic_a0423,12108
L1-Arctic,rms/arctic_a0345,12109
L1-Arctic,rms/arctic_b0286,12110
L1-Arctic,rxr/arctic_a0026,13192
L1-Arctic,rxr/arctic_a0032,13193
L1-Arctic,rxr/arctic_a0581,13194
L1-Arctic,rxr/arctic_a0224,13195
L1-Arctic,rxr/arctic_a0542,13196
L1-Arctic,rxr/arctic_a0556,13197
L1-Arctic,rxr/arctic_a0230,13198
L1-Arctic,rxr/arctic_a0218,13199
L1-Arctic,rxr/arctic_a0393,13200
L1-Arctic,rxr/arctic_c0043,13201
L1-Arctic,rxr/arctic_a0387,13202
L1-Arctic,rxr/arctic_c0057,13203
L1-Arctic,rxr/arctic_a0350,13204
L1-Arctic,rxr/arctic_a0436,13205
L1-Arctic,rxr/arctic_a0422,13206
L1-Arctic,rxr/arctic_a0344,13207
L1-Arctic,rxr/arctic_a0378,13208
L1-Arctic,rxr/arctic_a0191,13209
L1-Arctic,rxr/arctic_a0185,13210
L1-Arctic,rxr/arctic_a0152,13211
L1-Arctic,rxr/arctic_a0146,13212
L1-Arctic,rxr/arctic_a0147,13213
L1-Arctic,rxr/arctic_a0153,13214
L1-Arctic,rxr/arctic_a0184,13215
L1-Arctic,rxr/arctic_a0190,13216
L1-Arctic,rxr/arctic_a0379,13217
L1-Arctic,rxr/arctic_a0423,13218
L1-Arctic,rxr/arctic_a0345,13219
L1-Arctic,rxr/arctic_a0351,13220
L1-Arctic,rxr/arctic_a0437,13221
L1-Arctic,rxr/arctic_c0056,13222
L1-Arctic,rxr/arctic_a0386,13223
L1-Arctic,rxr/arctic_c0042,13224
L1-Arctic,rxr/arctic_a0392,13225
L1-Arctic,rxr/arctic_a0219,13226
L1-Arctic,rxr/arctic_a0557,13227
L1-Arctic,rxr/arctic_a0231,13228
L1-Arctic,rxr/arctic_a0225,13229
L1-Arctic,rxr/arctic_a0543,13230
L1-Arctic,rxr/arctic_a0580,13231
L1-Arctic,rxr/arctic_a0033,13232
L1-Arctic,rxr/arctic_a0027,13233
L1-Arctic,rxr/arctic_a0031,13234
L1-Arctic,rxr/arctic_a0025,13235
L1-Arctic,rxr/arctic_a0019,13236
L1-Arctic,rxr/arctic_a0582,13237
L1-Arctic,rxr/arctic_a0233,13238
L1-Arctic,rxr/arctic_a0555,13239
L1-Arctic,rxr/arctic_a0541,13240
L1-Arctic,rxr/arctic_a0227,13241
L1-Arctic,rxr/arctic_a0569,13242
L1-Arctic,slp/arctic_a0026,13858
L1-Arctic,slp/arctic_a0032,13859
L1-Arctic,slp/arctic_a0581,13860
L1-Arctic,slp/arctic_a0224,13861
L1-Arctic,slp/arctic_a0542,13862
L1-Arctic,slp/arctic_a0556,13863
L1-Arctic,slp/arctic_a0230,13864
L1-Arctic,slp/arctic_a0218,13865
L1-Arctic,slp/arctic_a0393,13866
L1-Arctic,slp/arctic_a0387,13867
L1-Arctic,slp/arctic_a0350,13868
L1-Arctic,slp/arctic_a0436,13869
L1-Arctic,slp/arctic_a0422,13870
L1-Arctic,slp/arctic_a0344,13871
L1-Arctic,slp/arctic_a0378,13872
L1-Arctic,slp/arctic_a0191,13873
L1-Arctic,slp/arctic_a0185,13874
L1-Arctic,slp/arctic_a0152,13875
L1-Arctic,slp/arctic_a0146,13876
L1-Arctic,slp/arctic_a0147,13877
L1-Arctic,slp/arctic_a0153,13878
L1-Arctic,slp/arctic_a0184,13879
L1-Arctic,slp/arctic_a0190,13880
L1-Arctic,slp/arctic_a0379,13881
L1-Arctic,slp/arctic_a0423,13882
L1-Arctic,slp/arctic_a0345,13883
L1-Arctic,slp/arctic_a0351,13884
L1-Arctic,slp/arctic_a0437,13885
L1-Arctic,slp/arctic_a0386,13886
L1-Arctic,slp/arctic_a0392,13887
L1-Arctic,slp/arctic_a0219,13888
L1-Arctic,slp/arctic_a0557,13889
L1-Arctic,slp/arctic_a0231,13890
L1-Arctic,slp/arctic_a0225,13891
L1-Arctic,slp/arctic_a0543,13892
L1-Arctic,slp/arctic_a0580,13893
L1-Arctic,slp/arctic_a0033,13894
L1-Arctic,slp/arctic_a0027,13895
L1-Arctic,slp/arctic_a0031,13896
L1-Arctic,slp/arctic_a0025,13897
L1-Arctic,slp/arctic_a0019,13898
L1-Arctic,slp/arctic_a0582,13899
L1-Arctic,slp/arctic_a0233,13900
L1-Arctic,slp/arctic_a0555,13901
L1-Arctic,slp/arctic_a0541,13902
L1-Arctic,slp/arctic_a0227,13903
L1-Arctic,slp/arctic_a0569,13904
L1-Arctic,slp/arctic_a0384,13905
L1-Arctic,slp/arctic_a0390,13906
L1-Arctic,slp/arctic_a0347,13907
L1-Arctic,slp/arctic_a0421,13908
L1-Arctic,slt/arctic_b0126,14451
L1-Arctic,slt/arctic_b0132,14452
L1-Arctic,slt/arctic_a0026,14453
L1-Arctic,slt/arctic_a0032,14454
L1-Arctic,slt/arctic_b0324,14455
L1-Arctic,slt/arctic_b0442,14456
L1-Arctic,slt/arctic_a0581,14457
L1-Arctic,slt/arctic_b0456,14458
L1-Arctic,slt/arctic_b0330,14459
L1-Arctic,slt/arctic_b0318,14460
L1-Arctic,slt/arctic_a0224,14461
L1-Arctic,slt/arctic_b0481,14462
L1-Arctic,slt/arctic_a0542,14463
L1-Arctic,slt/arctic_b0495,14464
L1-Arctic,slt/arctic_a0556,14465
L1-Arctic,slt/arctic_a0230,14466
L1-Arctic,slt/arctic_a0218,14467
L1-Arctic,slt/arctic_b0250,14468
L1-Arctic,slt/arctic_a0393,14469
L1-Arctic,slt/arctic_b0536,14470
L1-Arctic,slt/arctic_b0522,14471
L1-Arctic,slt/arctic_b0244,14472
L1-Arctic,slt/arctic_a0387,14473
L1-Arctic,slt/arctic_b0278,14474
L1-Arctic,slt/arctic_b0293,14475
L1-Arctic,slt/arctic_a0350,14476
L1-Arctic,slt/arctic_a0436,14477
L1-Arctic,slt/arctic_a0422,14478
L1-Arctic,slt/arctic_b0287,14479
L1-Arctic,slt/arctic_a0344,14480
L1-Arctic,slt/arctic_a0378,14481
L1-Arctic,slt/arctic_a0191,14482
L1-Arctic,slt/arctic_b0052,14483
L1-Arctic,slt/arctic_a0185,14484
L1-Arctic,slt/arctic_b0046,14485
L1-Arctic,slt/arctic_a0152,14486
L1-Arctic,slt/arctic_b0091,14487
L1-Arctic,slt/arctic_a0146,14488
L1-Arctic,slt/arctic_b0085,14489
L1-Arctic,slt/arctic_b0084,14490
L1-Arctic,slt/arctic_a0147,14491
L1-Arctic,slt/arctic_b0090,14492
L1-Arctic,slt/arctic_a0153,14493
L1-Arctic,slt/arctic_b0047,14494
L1-Arctic,slt/arctic_a0184,14495
L1-Arctic,slt/arctic_b0053,14496
L1-Arctic,slt/arctic_a0190,14497
L1-Arctic,slt/arctic_a0379,14498
L1-Arctic,slt/arctic_a0423,14499
L1-Arctic,slt/arctic_a0345,14500
L1-Arctic,slt/arctic_b0286,14501
