model,native_language,mean,sem,count,dataset,stage,release_date
Canary Qwen 2.5B,Arabic,0.04775525902404032,0.004590848666401987,599,L2-Arctic,degradation,2025-07
Canary Qwen 2.5B,Chinese,0.06234894734894734,0.0040396466295432665,600,L2-Arctic,degradation,2025-07
Canary Qwen 2.5B,Hindi,0.01826153476153476,0.002077323424447792,600,L2-Arctic,degradation,2025-07
Canary Qwen 2.5B,Korean,0.032501406001406,0.0029809462663990434,600,L2-Arctic,degradation,2025-07
Canary Qwen 2.5B,Spanish,0.04876774614274614,0.003890306965588229,600,L2-Arctic,degradation,2025-07
Canary Qwen 2.5B,USA,0.015164131892073067,0.0021598726158280042,408,L2-Arctic,degradation,2025-07
Canary Qwen 2.5B,Vietnamese,0.13557819495319495,0.007100705804104528,600,L2-Arctic,degradation,2025-07
Deepspeech,Arabic,0.20383461835882535,0.008412556541877314,599,L2-Arctic,degradation,2021-10
Deepspeech,Chinese,0.276631512006512,0.009129074968188714,600,L2-Arctic,degradation,2021-10
Deepspeech,Hindi,0.18687038887038884,0.0082983832583901,600,L2-Arctic,degradation,2021-10
Deepspeech,Korean,0.18273386335886335,0.008016494174267454,600,L2-Arctic,degradation,2021-10
Deepspeech,Spanish,0.19886816655566655,0.00779279299342441,600,L2-Arctic,degradation,2021-10
Deepspeech,USA,0.03839856358238711,0.0039229350618309395,408,L2-Arctic,degradation,2021-10
Deepspeech,Vietnamese,0.3304720464720465,0.009712742334602755,600,L2-Arctic,degradation,2021-10
Google Chirp 3,Arabic,0.04579400844008523,0.0035834026773830067,599,L2-Arctic,degradation,2025-10
Google Chirp 3,Chinese,0.08075607263107262,0.004876121941704451,600,L2-Arctic,degradation,2025-10
Google Chirp 3,Hindi,0.02598970011470011,0.002401264405116703,600,L2-Arctic,degradation,2025-10
Google Chirp 3,Korean,0.041383001258001255,0.0037196125791496204,600,L2-Arctic,degradation,2025-10
Google Chirp 3,Spanish,0.06685372266622265,0.004479413298925604,600,L2-Arctic,degradation,2025-10
Google Chirp 3,USA,0.014976261483614424,0.0023101234579925942,408,L2-Arctic,degradation,2025-10
Google Chirp 3,Vietnamese,0.15393090705590703,0.007168088913636112,600,L2-Arctic,degradation,2025-10
MMS 1B All,Arabic,0.1481066466458787,0.007896214410013178,599,L2-Arctic,degradation,2023-05
MMS 1B All,Chinese,0.18615879953379952,0.007766518430661657,600,L2-Arctic,degradation,2023-05
MMS 1B All,Hindi,0.08210921485921485,0.006084410012330595,600,L2-Arctic,degradation,2023-05
MMS 1B All,Korean,0.10563640988640988,0.005859813479921319,600,L2-Arctic,degradation,2023-05
MMS 1B All,Spanish,0.14216500629000628,0.006977189522451737,600,L2-Arctic,degradation,2023-05
MMS 1B All,USA,0.034415019892961064,0.0036055268977012015,408,L2-Arctic,degradation,2023-05
MMS 1B All,Vietnamese,0.3005593526843527,0.009568429508337044,600,L2-Arctic,degradation,2023-05
OWSM 1.0 272M,Arabic,0.12376563799769141,0.006221263354598756,599,L2-Arctic,degradation,2023-09
OWSM 1.0 272M,Chinese,0.1553054908054908,0.006723236237169928,600,L2-Arctic,degradation,2023-09
OWSM 1.0 272M,Hindi,0.04722467347467347,0.003292499384964652,600,L2-Arctic,degradation,2023-09
OWSM 1.0 272M,Korean,0.10306090668590667,0.005598345059453557,600,L2-Arctic,degradation,2023-09
OWSM 1.0 272M,Spanish,0.13746361508861507,0.006631600929481619,600,L2-Arctic,degradation,2023-09
OWSM 1.0 272M,USA,0.02240024409142056,0.0028186058227873986,408,L2-Arctic,degradation,2023-09
OWSM 1.0 272M,Vietnamese,0.26485606985606985,0.009089084979983663,600,L2-Arctic,degradation,2023-09
OWSM 2.0 739M,Arabic,0.06022229486336331,0.004438943345554278,599,L2-Arctic,degradation,2023-10
OWSM 2.0 739M,Chinese,0.08737487974987973,0.004872293285068782,600,L2-Arctic,degradation,2023-10
OWSM 2.0 739M,Hindi,0.024329651829651824,0.002434344348804977,600,L2-Arctic,degradation,2023-10
OWSM 2.0 739M,Korean,0.050710234210234205,0.003922784527433613,600,L2-Arctic,degradation,2023-10
OWSM 2.0 739M,Spanish,0.06878884772634772,0.004647599361964612,600,L2-Arctic,degradation,2023-10
OWSM 2.0 739M,USA,0.010793529727353255,0.0016735266162239899,408,L2-Arctic,degradation,2023-10
OWSM 2.0 739M,Vietnamese,0.17719644244644242,0.007842295763403336,600,L2-Arctic,degradation,2023-10
OWSM 3.1 1B,Arabic,0.061025048963279344,0.004516150437812068,599,L2-Arctic,degradation,2024-01
OWSM 3.1 1B,Chinese,0.08410525123025121,0.004600681340629434,600,L2-Arctic,degradation,2024-01
OWSM 3.1 1B,Hindi,0.02224890387390387,0.0022816316221641224,600,L2-Arctic,degradation,2024-01
OWSM 3.1 1B,Korean,0.04877282439782439,0.0038124254655982934,600,L2-Arctic,degradation,2024-01
OWSM 3.1 1B,Spanish,0.05754390516890516,0.003902278102791188,600,L2-Arctic,degradation,2024-01
OWSM 3.1 1B,USA,0.011058882566235507,0.0019574626638053224,408,L2-Arctic,degradation,2024-01
OWSM 3.1 1B,Vietnamese,0.16697332297332299,0.007738340188836662,600,L2-Arctic,degradation,2024-01
OWSM 4.0 1B,Arabic,0.05787373913417318,0.0045595252338513454,599,L2-Arctic,degradation,2025-05
OWSM 4.0 1B,Chinese,0.06759531209531208,0.00408551440826823,600,L2-Arctic,degradation,2025-05
OWSM 4.0 1B,Hindi,0.025065184815184813,0.0029124119937603368,600,L2-Arctic,degradation,2025-05
OWSM 4.0 1B,Korean,0.050256118881118875,0.0038664075772943747,600,L2-Arctic,degradation,2025-05
OWSM 4.0 1B,Spanish,0.06304761442261442,0.004507325333410941,600,L2-Arctic,degradation,2025-05
OWSM 4.0 1B,USA,0.00966851095527566,0.0017224237109566317,408,L2-Arctic,degradation,2025-05
OWSM 4.0 1B,Vietnamese,0.15850844525844524,0.0072906004294453555,600,L2-Arctic,degradation,2025-05
Omnilingual 7B,Arabic,0.0612409710489844,0.004635868074425964,599,L2-Arctic,degradation,2025-11
Omnilingual 7B,Chinese,0.09004581529581529,0.004795464534761734,600,L2-Arctic,degradation,2025-11
Omnilingual 7B,Hindi,0.031526399526399525,0.0037317088217491646,600,L2-Arctic,degradation,2025-11
Omnilingual 7B,Korean,0.04667126392126392,0.0036149813816238325,600,L2-Arctic,degradation,2025-11
Omnilingual 7B,Spanish,0.06329548692048692,0.004281015296798336,600,L2-Arctic,degradation,2025-11
Omnilingual 7B,USA,0.014554066576125398,0.0021317646041172328,408,L2-Arctic,degradation,2025-11
Omnilingual 7B,Vietnamese,0.16681432456432457,0.007095333387646184,600,L2-Arctic,degradation,2025-11
Qwen2 Audio 7B,Arabic,0.09286140959763664,0.006340194654973159,599,L2-Arctic,degradation,2024-08
Qwen2 Audio 7B,Chinese,0.07232493432493431,0.004453016325466505,600,L2-Arctic,degradation,2024-08
Qwen2 Audio 7B,Hindi,0.040788970288970286,0.00380968615514239,600,L2-Arctic,degradation,2024-08
Qwen2 Audio 7B,Korean,0.05450206737706737,0.004166046320257775,600,L2-Arctic,degradation,2024-08
Qwen2 Audio 7B,Spanish,0.08244799413549413,0.005819729784554055,600,L2-Arctic,degradation,2024-08
Qwen2 Audio 7B,USA,0.03241869105839694,0.006565808656312443,408,L2-Arctic,degradation,2024-08
Qwen2 Audio 7B,Vietnamese,0.1939221519221519,0.009415161611619666,600,L2-Arctic,degradation,2024-08
Qwen3 ASR 1.7B,Arabic,0.0382379862763836,0.0035216740222980786,599,L2-Arctic,degradation,2025-06
Qwen3 ASR 1.7B,Chinese,0.04615621415621415,0.003497065085909091,600,L2-Arctic,degradation,2025-06
Qwen3 ASR 1.7B,Hindi,0.01945095645095645,0.0030513596917152836,600,L2-Arctic,degradation,2025-06
Qwen3 ASR 1.7B,Korean,0.02708033633033633,0.0029593012104949606,600,L2-Arctic,degradation,2025-06
Qwen3 ASR 1.7B,Spanish,0.04414677683427683,0.003494415990217813,600,L2-Arctic,degradation,2025-06
Qwen3 ASR 1.7B,USA,0.030812365738836323,0.00405739882874963,408,L2-Arctic,degradation,2025-06
Qwen3 ASR 1.7B,Vietnamese,0.11895584045584044,0.006544672689106122,600,L2-Arctic,degradation,2025-06
SeamlessM4T,Arabic,0.07746696356879997,0.006253251866786274,599,L2-Arctic,degradation,2023-12
SeamlessM4T,Chinese,0.07184690772190772,0.0051913416764801145,600,L2-Arctic,degradation,2023-12
SeamlessM4T,Hindi,0.02883256558256558,0.0038275149554055196,600,L2-Arctic,degradation,2023-12
SeamlessM4T,Korean,0.05033346745846745,0.005726754892617829,600,L2-Arctic,degradation,2023-12
SeamlessM4T,Spanish,0.08537593656343656,0.006330916210924725,600,L2-Arctic,degradation,2023-12
SeamlessM4T,USA,0.01802748585836821,0.0028903025274774246,408,L2-Arctic,degradation,2023-12
SeamlessM4T,Vietnamese,0.18195177507677507,0.008491221129460927,600,L2-Arctic,degradation,2023-12
WavLM Libri-100h,Arabic,0.304999966644374,0.009041638653231243,599,L2-Arctic,degradation,2021-12
WavLM Libri-100h,Chinese,0.3854047202797202,0.008797877538250228,600,L2-Arctic,degradation,2021-12
WavLM Libri-100h,Hindi,0.2819176147926148,0.008202556016057414,600,L2-Arctic,degradation,2021-12
WavLM Libri-100h,Korean,0.2608145326895327,0.008237658079483498,600,L2-Arctic,degradation,2021-12
WavLM Libri-100h,Spanish,0.32541101953601953,0.009230667679716762,600,L2-Arctic,degradation,2021-12
WavLM Libri-100h,USA,0.09034675836146423,0.006635111187077193,408,L2-Arctic,degradation,2021-12
WavLM Libri-100h,Vietnamese,0.44146765734265736,0.009805498537423199,600,L2-Arctic,degradation,2021-12
Whisper Large v1,Arabic,1.7022834117498489,0.14392212507252464,581,L2-Arctic,degradation,2022-09
Whisper Large v1,Chinese,1.2339673747502031,0.11498109412288991,594,L2-Arctic,degradation,2022-09
Whisper Large v1,Hindi,0.6749611638825685,0.07296682118234328,598,L2-Arctic,degradation,2022-09
Whisper Large v1,Korean,1.4840511387228559,0.15536512753995668,594,L2-Arctic,degradation,2022-09
Whisper Large v1,Spanish,1.1617268235381757,0.12321120042643151,599,L2-Arctic,degradation,2022-09
Whisper Large v1,USA,0.561070689026354,0.08551114279278187,406,L2-Arctic,degradation,2022-09
Whisper Large v1,Vietnamese,1.2170489267734677,0.1323075722692801,599,L2-Arctic,degradation,2022-09
Whisper Large v2,Arabic,0.08984789093303283,0.005987143431101736,599,L2-Arctic,degradation,2022-12
Whisper Large v2,Chinese,0.09080887168387168,0.005399475344440904,600,L2-Arctic,degradation,2022-12
Whisper Large v2,Hindi,0.0304279008029008,0.0027846229830327763,600,L2-Arctic,degradation,2022-12
Whisper Large v2,Korean,0.06209418359418359,0.004719470185233331,600,L2-Arctic,degradation,2022-12
Whisper Large v2,Spanish,0.07801909895659895,0.005113980752935948,600,L2-Arctic,degradation,2022-12
Whisper Large v2,USA,0.021310742634272045,0.0027948388204197187,408,L2-Arctic,degradation,2022-12
Whisper Large v2,Vietnamese,0.1775711556961557,0.00847667601263503,600,L2-Arctic,degradation,2022-12
Whisper Large v3,Arabic,0.07764612497500643,0.005311074792991149,599,L2-Arctic,degradation,2023-11
Whisper Large v3,Chinese,0.10290605228105228,0.006036710196357897,600,L2-Arctic,degradation,2023-11
Whisper Large v3,Hindi,0.03807130832130831,0.003151482041468144,600,L2-Arctic,degradation,2023-11
Whisper Large v3,Korean,0.05470612258112258,0.004662195042602522,600,L2-Arctic,degradation,2023-11
Whisper Large v3,Spanish,0.08401489482739483,0.005326635798405706,600,L2-Arctic,degradation,2023-11
Whisper Large v3,USA,0.010281024803083625,0.001723472739278446,408,L2-Arctic,degradation,2023-11
Whisper Large v3,Vietnamese,0.19519866244866244,0.0086955480744854,600,L2-Arctic,degradation,2023-11
Canary Qwen 2.5B,Arabic,0.045048049312263354,0.003713887497519201,598,L2-Arctic,trend,2025-07
Canary Qwen 2.5B,Chinese,0.06234894734894734,0.0040396466295432665,600,L2-Arctic,trend,2025-07
Canary Qwen 2.5B,Hindi,0.01826153476153476,0.002077323424447792,600,L2-Arctic,trend,2025-07
Canary Qwen 2.5B,Korean,0.032501406001406,0.0029809462663990434,600,L2-Arctic,trend,2025-07
Canary Qwen 2.5B,Spanish,0.04876774614274614,0.003890306965588229,600,L2-Arctic,trend,2025-07
Canary Qwen 2.5B,USA,0.015164131892073067,0.0021598726158280042,408,L2-Arctic,trend,2025-07
Canary Qwen 2.5B,Vietnamese,0.13557819495319495,0.007100705804104528,600,L2-Arctic,trend,2025-07
Deepspeech,Arabic,0.20383461835882535,0.008412556541877314,599,L2-Arctic,trend,2021-10
Deepspeech,Chinese,0.27508999533206546,0.009013019352212525,599,L2-Arctic,trend,2021-10
Deepspeech,Hindi,0.18687038887038884,0.0082983832583901,600,L2-Arctic,trend,2021-10
Deepspeech,Korean,0.18273386335886335,0.008016494174267454,600,L2-Arctic,trend,2021-10
Deepspeech,Spanish,0.19886816655566655,0.00779279299342441,600,L2-Arctic,trend,2021-10
Deepspeech,USA,0.03839856358238711,0.0039229350618309395,408,L2-Arctic,trend,2021-10
Deepspeech,Vietnamese,0.3304720464720465,0.009712742334602755,600,L2-Arctic,trend,2021-10
Google Chirp 3,Arabic,0.04579400844008523,0.0035834026773830067,599,L2-Arctic,trend,2025-10
Google Chirp 3,Chinese,0.08075607263107262,0.004876121941704451,600,L2-Arctic,trend,2025-10
Google Chirp 3,Hindi,0.02598970011470011,0.002401264405116703,600,L2-Arctic,trend,2025-10
Google Chirp 3,Korean,0.03950439747601684,0.0032157168748735343,599,L2-Arctic,trend,2025-10
Google Chirp 3,Spanish,0.06685372266622265,0.004479413298925604,600,L2-Arctic,trend,2025-10
Google Chirp 3,USA,0.014976261483614424,0.0023101234579925942,408,L2-Arctic,trend,2025-10
Google Chirp 3,Vietnamese,0.15393090705590703,0.007168088913636112,600,L2-Arctic,trend,2025-10
MMS 1B All,Arabic,0.1481066466458787,0.007896214410013178,599,L2-Arctic,trend,2023-05
MMS 1B All,Chinese,0.18456164036297593,0.00761321842364197,599,L2-Arctic,trend,2023-05
MMS 1B All,Hindi,0.08210921485921485,0.006084410012330595,600,L2-Arctic,trend,2023-05
MMS 1B All,Korean,0.10563640988640988,0.005859813479921319,600,L2-Arctic,trend,2023-05
MMS 1B All,Spanish,0.14216500629000628,0.006977189522451737,600,L2-Arctic,trend,2023-05
MMS 1B All,USA,0.034415019892961064,0.0036055268977012015,408,L2-Arctic,trend,2023-05
MMS 1B All,Vietnamese,0.2990577823215552,0.009465663861701726,599,L2-Arctic,trend,2023-05
OWSM 1.0 272M,Arabic,0.12376563799769141,0.006221263354598756,599,L2-Arctic,trend,2023-09
OWSM 1.0 272M,Chinese,0.1553054908054908,0.006723236237169928,600,L2-Arctic,trend,2023-09
OWSM 1.0 272M,Hindi,0.04722467347467347,0.003292499384964652,600,L2-Arctic,trend,2023-09
OWSM 1.0 272M,Korean,0.10306090668590667,0.005598345059453557,600,L2-Arctic,trend,2023-09
OWSM 1.0 272M,Spanish,0.13746361508861507,0.006631600929481619,600,L2-Arctic,trend,2023-09
OWSM 1.0 272M,USA,0.02240024409142056,0.0028186058227873986,408,L2-Arctic,trend,2023-09
OWSM 1.0 272M,Vietnamese,0.2618240548006434,0.008862347890065413,598,L2-Arctic,trend,2023-09
OWSM 2.0 739M,Arabic,0.06022229486336331,0.004438943345554278,599,L2-Arctic,trend,2023-10
OWSM 2.0 739M,Chinese,0.08737487974987973,0.004872293285068782,600,L2-Arctic,trend,2023-10
OWSM 2.0 739M,Hindi,0.024329651829651824,0.002434344348804977,600,L2-Arctic,trend,2023-10
OWSM 2.0 739M,Korean,0.050710234210234205,0.003922784527433613,600,L2-Arctic,trend,2023-10
OWSM 2.0 739M,Spanish,0.06878884772634772,0.004647599361964612,600,L2-Arctic,trend,2023-10
OWSM 2.0 739M,USA,0.010793529727353255,0.0016735266162239899,408,L2-Arctic,trend,2023-10
OWSM 2.0 739M,Vietnamese,0.17719644244644242,0.007842295763403336,600,L2-Arctic,trend,2023-10
OWSM 3.1 1B,Arabic,0.061025048963279344,0.004516150437812068,599,L2-Arctic,trend,2024-01
OWSM 3.1 1B,Chinese,0.08410525123025121,0.004600681340629434,600,L2-Arctic,trend,2024-01
OWSM 3.1 1B,Hindi,0.02224890387390387,0.0022816316221641224,600,L2-Arctic,trend,2024-01
OWSM 3.1 1B,Korean,0.04877282439782439,0.0038124254655982934,600,L2-Arctic,trend,2024-01
OWSM 3.1 1B,Spanish,0.05754390516890516,0.003902278102791188,600,L2-Arctic,trend,2024-01
OWSM 3.1 1B,USA,0.011058882566235507,0.0019574626638053224,408,L2-Arctic,trend,2024-01
OWSM 3.1 1B,Vietnamese,0.1653441346262715,0.007577535948104259,599,L2-Arctic,trend,2024-01
OWSM 4.0 1B,Arabic,0.05787373913417318,0.0045595252338513454,599,L2-Arctic,trend,2025-05
OWSM 4.0 1B,Chinese,0.06759531209531208,0.00408551440826823,600,L2-Arctic,trend,2025-05
OWSM 4.0 1B,Hindi,0.025065184815184813,0.0029124119937603368,600,L2-Arctic,trend,2025-05
OWSM 4.0 1B,Korean,0.050256118881118875,0.0038664075772943747,600,L2-Arctic,trend,2025-05
OWSM 4.0 1B,Spanish,0.06304761442261442,0.004507325333410941,600,L2-Arctic,trend,2025-05
OWSM 4.0 1B,USA,0.00966851095527566,0.0017224237109566317,408,L2-Arctic,trend,2025-05
OWSM 4.0 1B,Vietnamese,0.15850844525844524,0.0072906004294453555,600,L2-Arctic,trend,2025-05
Omnilingual 7B,Arabic,0.0612409710489844,0.004635868074425964,599,L2-Arctic,trend,2025-11
Omnilingual 7B,Chinese,0.09004581529581529,0.004795464534761734,600,L2-Arctic,trend,2025-11
Omnilingual 7B,Hindi,0.031526399526399525,0.0037317088217491646,600,L2-Arctic,trend,2025-11
Omnilingual 7B,Korean,0.04667126392126392,0.0036149813816238325,600,L2-Arctic,trend,2025-11
Omnilingual 7B,Spanish,0.06329548692048692,0.004281015296798336,600,L2-Arctic,trend,2025-11
Omnilingual 7B,USA,0.014554066576125398,0.0021317646041172328,408,L2-Arctic,trend,2025-11
Omnilingual 7B,Vietnamese,0.16681432456432457,0.007095333387646184,600,L2-Arctic,trend,2025-11
Qwen2 Audio 7B,Arabic,0.09286140959763664,0.006340194654973159,599,L2-Arctic,trend,2024-08
Qwen2 Audio 7B,Chinese,0.07232493432493431,0.004453016325466505,600,L2-Arctic,trend,2024-08
Qwen2 Audio 7B,Hindi,0.040788970288970286,0.00380968615514239,600,L2-Arctic,trend,2024-08
Qwen2 Audio 7B,Korean,0.05450206737706737,0.004166046320257775,600,L2-Arctic,trend,2024-08
Qwen2 Audio 7B,Spanish,0.08244799413549413,0.005819729784554055,600,L2-Arctic,trend,2024-08
Qwen2 Audio 7B,USA,0.03241869105839694,0.006565808656312443,408,L2-Arctic,trend,2024-08
Qwen2 Audio 7B,Vietnamese,0.18851552318889003,0.008925352294966478,597,L2-Arctic,trend,2024-08
Qwen3 ASR 1.7B,Arabic,0.0382379862763836,0.0035216740222980786,599,L2-Arctic,trend,2025-06
Qwen3 ASR 1.7B,Chinese,0.04615621415621415,0.003497065085909091,600,L2-Arctic,trend,2025-06
Qwen3 ASR 1.7B,Hindi,0.017336994298596968,0.0022041220094916555,599,L2-Arctic,trend,2025-06
Qwen3 ASR 1.7B,Korean,0.02708033633033633,0.0029593012104949606,600,L2-Arctic,trend,2025-06
Qwen3 ASR 1.7B,Spanish,0.04414677683427683,0.003494415990217813,600,L2-Arctic,trend,2025-06
Qwen3 ASR 1.7B,USA,0.030812365738836323,0.00405739882874963,408,L2-Arctic,trend,2025-06
Qwen3 ASR 1.7B,Vietnamese,0.11715109227630094,0.006301427184735921,599,L2-Arctic,trend,2025-06
SeamlessM4T,Arabic,0.07357876164408828,0.005631849281478467,597,L2-Arctic,trend,2023-12
SeamlessM4T,Chinese,0.07184690772190772,0.0051913416764801145,600,L2-Arctic,trend,2023-12
SeamlessM4T,Hindi,0.02679388873044966,0.003244805588040717,599,L2-Arctic,trend,2023-12
SeamlessM4T,Korean,0.04450961060492833,0.0037852454405462093,598,L2-Arctic,trend,2023-12
SeamlessM4T,Spanish,0.08537593656343656,0.006330916210924725,600,L2-Arctic,trend,2023-12
SeamlessM4T,USA,0.01802748585836821,0.0028903025274774246,408,L2-Arctic,trend,2023-12
SeamlessM4T,Vietnamese,0.18195177507677507,0.008491221129460927,600,L2-Arctic,trend,2023-12
WavLM Libri-100h,Arabic,0.303359976144257,0.0089065438796449,598,L2-Arctic,trend,2021-12
WavLM Libri-100h,Chinese,0.3854047202797202,0.008797877538250228,600,L2-Arctic,trend,2021-12
WavLM Libri-100h,Hindi,0.2819176147926148,0.008202556016057414,600,L2-Arctic,trend,2021-12
WavLM Libri-100h,Korean,0.2608145326895327,0.008237658079483498,600,L2-Arctic,trend,2021-12
WavLM Libri-100h,Spanish,0.32541101953601953,0.009230667679716762,600,L2-Arctic,trend,2021-12
WavLM Libri-100h,USA,0.09034675836146423,0.006635111187077193,408,L2-Arctic,trend,2021-12
WavLM Libri-100h,Vietnamese,0.4402967233100789,0.009751599563091571,599,L2-Arctic,trend,2021-12
Whisper Large v1,Arabic,0.6143163332779585,0.013646960505056732,443,L2-Arctic,trend,2022-09
Whisper Large v1,Chinese,0.5818713877976827,0.013214058477374864,502,L2-Arctic,trend,2022-09
Whisper Large v1,Hindi,0.44044066745679644,0.012956181736949736,558,L2-Arctic,trend,2022-09
Whisper Large v1,Korean,0.5898814326698942,0.014388182157753386,468,L2-Arctic,trend,2022-09
Whisper Large v1,Spanish,0.5251321777637568,0.013199556662921134,513,L2-Arctic,trend,2022-09
Whisper Large v1,USA,0.561070689026354,0.08551114279278187,406,L2-Arctic,trend,2022-09
Whisper Large v1,Vietnamese,0.5628191225715978,0.013957660717860627,505,L2-Arctic,trend,2022-09
Whisper Large v2,Arabic,0.08984789093303283,0.005987143431101736,599,L2-Arctic,trend,2022-12
Whisper Large v2,Chinese,0.09080887168387168,0.005399475344440904,600,L2-Arctic,trend,2022-12
Whisper Large v2,Hindi,0.0304279008029008,0.0027846229830327763,600,L2-Arctic,trend,2022-12
Whisper Large v2,Korean,0.06209418359418359,0.004719470185233331,600,L2-Arctic,trend,2022-12
Whisper Large v2,Spanish,0.07801909895659895,0.005113980752935948,600,L2-Arctic,trend,2022-12
Whisper Large v2,USA,0.021310742634272045,0.0027948388204197187,408,L2-Arctic,trend,2022-12
Whisper Large v2,Vietnamese,0.17381721307306588,0.008074552712884034,598,L2-Arctic,trend,2022-12
Whisper Large v3,Arabic,0.07764612497500643,0.005311074792991149,599,L2-Arctic,trend,2023-11
Whisper Large v3,Chinese,0.10116990688776997,0.005791326911238811,599,L2-Arctic,trend,2023-11
Whisper Large v3,Hindi,0.03807130832130831,0.003151482041468144,600,L2-Arctic,trend,2023-11
Whisper Large v3,Korean,0.05284976107179779,0.004283824818884944,599,L2-Arctic,trend,2023-11
Whisper Large v3,Spanish,0.08401489482739483,0.005326635798405706,600,L2-Arctic,trend,2023-11
Whisper Large v3,USA,0.010281024803083625,0.001723472739278446,408,L2-Arctic,trend,2023-11
Whisper Large v3,Vietnamese,0.19519866244866244,0.0086955480744854,600,L2-Arctic,trend,2023-11
Canary Qwen 2.5B,Arabic,0.061274509803921566,0.0361051957418045,3,L2-Arctic Spontaneous,degradation,2025-07
Canary Qwen 2.5B,Chinese,0.09598214285714285,0.03982566574723999,4,L2-Arctic Spontaneous,degradation,2025-07
Canary Qwen 2.5B,Hindi,0.023809523809523798,0.023809523809523798,3,L2-Arctic Spontaneous,degradation,2025-07
Canary Qwen 2.5B,Korean,0.11506410256410254,0.06448682902489263,4,L2-Arctic Spontaneous,degradation,2025-07
Canary Qwen 2.5B,Spanish,0.08708791208791208,0.04151504029898133,4,L2-Arctic Spontaneous,degradation,2025-07
Canary Qwen 2.5B,USA,0.0,,1,L2-Arctic Spontaneous,degradation,2025-07
Canary Qwen 2.5B,Vietnamese,0.17533936651583706,0.03800972311405303,4,L2-Arctic Spontaneous,degradation,2025-07
Deepspeech,Arabic,0.28904061624649857,0.07850812352364112,3,L2-Arctic Spontaneous,degradation,2021-10
Deepspeech,Chinese,0.46785714285714286,0.16828876876927215,4,L2-Arctic Spontaneous,degradation,2021-10
Deepspeech,Hindi,0.33980463980463976,0.10047282150091949,3,L2-Arctic Spontaneous,degradation,2021-10
Deepspeech,Korean,0.3687645687645687,0.13041879925023994,4,L2-Arctic Spontaneous,degradation,2021-10
Deepspeech,Spanish,0.39816849816849814,0.17280307941847756,4,L2-Arctic Spontaneous,degradation,2021-10
Deepspeech,USA,0.1058823529411764,,1,L2-Arctic Spontaneous,degradation,2021-10
Deepspeech,Vietnamese,0.3687782805429864,0.058108544902249586,4,L2-Arctic Spontaneous,degradation,2021-10
Google Chirp 3,Arabic,0.061274509803921566,0.0361051957418045,3,L2-Arctic Spontaneous,degradation,2025-10
Google Chirp 3,Chinese,0.08035714285714285,0.03908906409691577,4,L2-Arctic Spontaneous,degradation,2025-10
Google Chirp 3,Hindi,0.023809523809523798,0.023809523809523798,3,L2-Arctic Spontaneous,degradation,2025-10
Google Chirp 3,Korean,0.11506410256410254,0.06448682902489263,4,L2-Arctic Spontaneous,degradation,2025-10
Google Chirp 3,Spanish,0.14340659340659337,0.05115401336909988,4,L2-Arctic Spontaneous,degradation,2025-10
Google Chirp 3,USA,0.0,,1,L2-Arctic Spontaneous,degradation,2025-10
Google Chirp 3,Vietnamese,0.11199095022624432,0.0235391991478335,4,L2-Arctic Spontaneous,degradation,2025-10
MMS 1B All,Arabic,0.2314425770308123,0.07243161417206621,3,L2-Arctic Spontaneous,degradation,2023-05
MMS 1B All,Chinese,0.22098214285714285,0.11453742509524553,4,L2-Arctic Spontaneous,degradation,2023-05
MMS 1B All,Hindi,0.023809523809523798,0.023809523809523798,3,L2-Arctic Spontaneous,degradation,2023-05
MMS 1B All,Korean,0.36459790209790205,0.1004380772932684,4,L2-Arctic Spontaneous,degradation,2023-05
MMS 1B All,Spanish,0.2112637362637362,0.05492335244977219,4,L2-Arctic Spontaneous,degradation,2023-05
MMS 1B All,USA,0.0,,1,L2-Arctic Spontaneous,degradation,2023-05
MMS 1B All,Vietnamese,0.3167420814479638,0.13805231376856733,4,L2-Arctic Spontaneous,degradation,2023-05
OWSM 1.0 272M,Arabic,0.10171568627450979,0.054709593837131656,3,L2-Arctic Spontaneous,degradation,2023-09
OWSM 1.0 272M,Chinese,0.14285714285714285,0.08150633296207829,4,L2-Arctic Spontaneous,degradation,2023-09
OWSM 1.0 272M,Hindi,0.046031746031746,0.023056887375133235,3,L2-Arctic Spontaneous,degradation,2023-09
OWSM 1.0 272M,Korean,0.2941433566433566,0.07329594538173481,4,L2-Arctic Spontaneous,degradation,2023-09
OWSM 1.0 272M,Spanish,0.14322344322344321,0.05847168199018881,4,L2-Arctic Spontaneous,degradation,2023-09
OWSM 1.0 272M,USA,0.1294117647058823,,1,L2-Arctic Spontaneous,degradation,2023-09
OWSM 1.0 272M,Vietnamese,0.20361990950226241,0.0647338272515081,4,L2-Arctic Spontaneous,degradation,2023-09
OWSM 2.0 739M,Arabic,0.0821078431372549,0.05536449508861038,3,L2-Arctic Spontaneous,degradation,2023-10
OWSM 2.0 739M,Chinese,0.14285714285714285,0.06355403721447209,4,L2-Arctic Spontaneous,degradation,2023-10
OWSM 2.0 739M,Hindi,0.07167277167277163,0.00296328720378795,3,L2-Arctic Spontaneous,degradation,2023-10
OWSM 2.0 739M,Korean,0.17596153846153845,0.0660295306297673,4,L2-Arctic Spontaneous,degradation,2023-10
OWSM 2.0 739M,Spanish,0.17280219780219774,0.04211296092857645,4,L2-Arctic Spontaneous,degradation,2023-10
OWSM 2.0 739M,USA,0.0117647058823529,,1,L2-Arctic Spontaneous,degradation,2023-10
OWSM 2.0 739M,Vietnamese,0.2285067873303167,0.0529140975725181,4,L2-Arctic Spontaneous,degradation,2023-10
OWSM 3.1 1B,Arabic,0.10591736694677871,0.04095329161774335,3,L2-Arctic Spontaneous,degradation,2024-01
OWSM 3.1 1B,Chinese,0.09598214285714285,0.03982566574723999,4,L2-Arctic Spontaneous,degradation,2024-01
OWSM 3.1 1B,Hindi,0.07167277167277163,0.00296328720378795,3,L2-Arctic Spontaneous,degradation,2024-01
OWSM 3.1 1B,Korean,0.2086247086247086,0.09910529928483074,4,L2-Arctic Spontaneous,degradation,2024-01
OWSM 3.1 1B,Spanish,0.12161172161172157,0.015064404100139995,4,L2-Arctic Spontaneous,degradation,2024-01
OWSM 3.1 1B,USA,0.0117647058823529,,1,L2-Arctic Spontaneous,degradation,2024-01
OWSM 3.1 1B,Vietnamese,0.16968325791855204,0.050336188826441156,4,L2-Arctic Spontaneous,degradation,2024-01
OWSM 4.0 1B,Arabic,0.10591736694677871,0.04095329161774335,3,L2-Arctic Spontaneous,degradation,2025-05
OWSM 4.0 1B,Chinese,0.09598214285714285,0.03982566574723999,4,L2-Arctic Spontaneous,degradation,2025-05
OWSM 4.0 1B,Hindi,0.09389499389499385,0.019782857569939583,3,L2-Arctic Spontaneous,degradation,2025-05
OWSM 4.0 1B,Korean,0.27718531468531465,0.11333880487804229,4,L2-Arctic Spontaneous,degradation,2025-05
OWSM 4.0 1B,Spanish,0.13965201465201463,0.02667351505065885,4,L2-Arctic Spontaneous,degradation,2025-05
OWSM 4.0 1B,USA,0.0,,1,L2-Arctic Spontaneous,degradation,2025-05
OWSM 4.0 1B,Vietnamese,0.2092760180995475,0.04818437995576122,4,L2-Arctic Spontaneous,degradation,2025-05
Omnilingual 7B,Arabic,0.19397759103641454,0.03953327780468471,3,L2-Arctic Spontaneous,degradation,2025-11
Omnilingual 7B,Chinese,0.11160714285714285,0.05275921994415428,4,L2-Arctic Spontaneous,degradation,2025-11
Omnilingual 7B,Hindi,0.06825396825396823,0.038522733649243156,3,L2-Arctic Spontaneous,degradation,2025-11
Omnilingual 7B,Korean,0.26914335664335665,0.050659170477399235,4,L2-Arctic Spontaneous,degradation,2025-11
Omnilingual 7B,Spanish,0.12280219780219778,0.05124614454607936,4,L2-Arctic Spontaneous,degradation,2025-11
Omnilingual 7B,USA,0.0,,1,L2-Arctic Spontaneous,degradation,2025-11
Omnilingual 7B,Vietnamese,0.19004524886877824,0.0474214477292986,4,L2-Arctic Spontaneous,degradation,2025-11
Qwen2 Audio 7B,Arabic,0.10469187675070026,0.016766554473127294,3,L2-Arctic Spontaneous,degradation,2024-08
Qwen2 Audio 7B,Chinese,0.09598214285714285,0.05374166898733438,4,L2-Arctic Spontaneous,degradation,2024-08
Qwen2 Audio 7B,Hindi,0.09389499389499385,0.019782857569939583,3,L2-Arctic Spontaneous,degradation,2024-08
Qwen2 Audio 7B,Korean,0.4092948717948718,0.20827144051041035,4,L2-Arctic Spontaneous,degradation,2024-08
Qwen2 Audio 7B,Spanish,0.17399267399267393,0.059168943125884554,4,L2-Arctic Spontaneous,degradation,2024-08
Qwen2 Audio 7B,USA,0.0,,1,L2-Arctic Spontaneous,degradation,2024-08
Qwen2 Audio 7B,Vietnamese,0.23416289592760178,0.07035132052577878,4,L2-Arctic Spontaneous,degradation,2024-08
Qwen3 ASR 1.7B,Arabic,0.08508403361344537,0.020286983104861312,3,L2-Arctic Spontaneous,degradation,2025-06
Qwen3 ASR 1.7B,Chinese,0.08035714285714285,0.029612721342458927,4,L2-Arctic Spontaneous,degradation,2025-06
Qwen3 ASR 1.7B,Hindi,0.09731379731379726,0.0282995844231352,3,L2-Arctic Spontaneous,degradation,2025-06
Qwen3 ASR 1.7B,Korean,0.16506410256410256,0.11323904376236868,4,L2-Arctic Spontaneous,degradation,2025-06
Qwen3 ASR 1.7B,Spanish,0.08708791208791206,0.01555689845517294,4,L2-Arctic Spontaneous,degradation,2025-06
Qwen3 ASR 1.7B,USA,0.0,,1,L2-Arctic Spontaneous,degradation,2025-06
Qwen3 ASR 1.7B,Vietnamese,0.1266968325791855,0.05596975962376914,4,L2-Arctic Spontaneous,degradation,2025-06
SeamlessM4T,Arabic,0.1297268907563025,0.03772139605464853,3,L2-Arctic Spontaneous,degradation,2023-12
SeamlessM4T,Chinese,0.09598214285714285,0.03982566574723999,4,L2-Arctic Spontaneous,degradation,2023-12
SeamlessM4T,Hindi,0.07167277167277163,0.00296328720378795,3,L2-Arctic Spontaneous,degradation,2023-12
SeamlessM4T,Korean,0.22368881118881118,0.06725967393797795,4,L2-Arctic Spontaneous,degradation,2023-12
SeamlessM4T,Spanish,0.17673992673992667,0.044972352501792226,4,L2-Arctic Spontaneous,degradation,2023-12
SeamlessM4T,USA,0.0,,1,L2-Arctic Spontaneous,degradation,2023-12
SeamlessM4T,Vietnamese,0.22398190045248864,0.05124322014889649,4,L2-Arctic Spontaneous,degradation,2023-12
WavLM Libri-100h,Arabic,0.4413515406162465,0.04976702356004587,3,L2-Arctic Spontaneous,degradation,2021-12
WavLM Libri-100h,Chinese,0.6267857142857143,0.1137146259566578,4,L2-Arctic Spontaneous,degradation,2021-12
WavLM Libri-100h,Hindi,0.3327228327228327,0.01427840728147312,3,L2-Arctic Spontaneous,degradation,2021-12
WavLM Libri-100h,Korean,0.6506993006993007,0.12373094532220245,4,L2-Arctic Spontaneous,degradation,2021-12
WavLM Libri-100h,Spanish,0.5072344322344322,0.1579704304991111,4,L2-Arctic Spontaneous,degradation,2021-12
WavLM Libri-100h,USA,0.5764705882352941,,1,L2-Arctic Spontaneous,degradation,2021-12
WavLM Libri-100h,Vietnamese,0.45135746606334837,0.013368852112545872,4,L2-Arctic Spontaneous,degradation,2021-12
Whisper Large v1,Arabic,1.680672268907563,0.9663865546218487,2,L2-Arctic Spontaneous,degradation,2022-09
Whisper Large v1,Chinese,5.242857142857143,2.6341491029550013,4,L2-Arctic Spontaneous,degradation,2022-09
Whisper Large v1,Hindi,3.8898656898656903,3.27433765446178,3,L2-Arctic Spontaneous,degradation,2022-09
Whisper Large v1,Korean,0.3522144522144522,0.104516540401094,4,L2-Arctic Spontaneous,degradation,2022-09
Whisper Large v1,Spanish,2.536172161172161,1.6052911343102423,4,L2-Arctic Spontaneous,degradation,2022-09
Whisper Large v1,USA,0.0,,1,L2-Arctic Spontaneous,degradation,2022-09
Whisper Large v1,Vietnamese,0.8099547511312217,0.23295478237643233,4,L2-Arctic Spontaneous,degradation,2022-09
Whisper Large v2,Arabic,0.1731442577030812,0.02880580343759669,3,L2-Arctic Spontaneous,degradation,2022-12
Whisper Large v2,Chinese,0.16785714285714284,0.09023601423659028,4,L2-Arctic Spontaneous,degradation,2022-12
Whisper Large v2,Hindi,0.023809523809523798,0.023809523809523798,3,L2-Arctic Spontaneous,degradation,2022-12
Whisper Large v2,Korean,0.19519230769230766,0.06667976325994542,4,L2-Arctic Spontaneous,degradation,2022-12
Whisper Large v2,Spanish,0.22399267399267397,0.09534199976803115,4,L2-Arctic Spontaneous,degradation,2022-12
Whisper Large v2,USA,0.0,,1,L2-Arctic Spontaneous,degradation,2022-12
Whisper Large v2,Vietnamese,0.20475113122171942,0.07387666003283119,4,L2-Arctic Spontaneous,degradation,2022-12
Whisper Large v3,Arabic,0.12552521008403358,0.033737679643170496,3,L2-Arctic Spontaneous,degradation,2023-11
Whisper Large v3,Chinese,0.13660714285714284,0.03934992047636944,4,L2-Arctic Spontaneous,degradation,2023-11
Whisper Large v3,Hindi,0.06825396825396823,0.038522733649243156,3,L2-Arctic Spontaneous,degradation,2023-11
Whisper Large v3,Korean,0.18589743589743588,0.11009976946998505,4,L2-Arctic Spontaneous,degradation,2023-11
Whisper Large v3,Spanish,0.22399267399267397,0.0733920514501642,4,L2-Arctic Spontaneous,degradation,2023-11
Whisper Large v3,USA,0.0,,1,L2-Arctic Spontaneous,degradation,2023-11
Whisper Large v3,Vietnamese,0.11199095022624432,0.023539199147833496,4,L2-Arctic Spontaneous,degradation,2023-11
Canary Qwen 2.5B,Arabic,0.061274509803921566,0.0361051957418045,3,L2-Arctic Spontaneous,trend,2025-07
Canary Qwen 2.5B,Chinese,0.09598214285714285,0.03982566574723999,4,L2-Arctic Spontaneous,trend,2025-07
Canary Qwen 2.5B,Hindi,0.023809523809523798,0.023809523809523798,3,L2-Arctic Spontaneous,trend,2025-07
Canary Qwen 2.5B,Korean,0.11506410256410254,0.06448682902489263,4,L2-Arctic Spontaneous,trend,2025-07
Canary Qwen 2.5B,Spanish,0.08708791208791208,0.04151504029898133,4,L2-Arctic Spontaneous,trend,2025-07
Canary Qwen 2.5B,USA,0.0,,1,L2-Arctic Spontaneous,trend,2025-07
Canary Qwen 2.5B,Vietnamese,0.17533936651583706,0.03800972311405303,4,L2-Arctic Spontaneous,trend,2025-07
Deepspeech,Arabic,0.28904061624649857,0.07850812352364112,3,L2-Arctic Spontaneous,trend,2021-10
Deepspeech,Chinese,0.46785714285714286,0.16828876876927215,4,L2-Arctic Spontaneous,trend,2021-10
Deepspeech,Hindi,0.33980463980463976,0.10047282150091949,3,L2-Arctic Spontaneous,trend,2021-10
Deepspeech,Korean,0.3687645687645687,0.13041879925023994,4,L2-Arctic Spontaneous,trend,2021-10
Deepspeech,Spanish,0.39816849816849814,0.17280307941847756,4,L2-Arctic Spontaneous,trend,2021-10
Deepspeech,USA,0.1058823529411764,,1,L2-Arctic Spontaneous,trend,2021-10
Deepspeech,Vietnamese,0.3687782805429864,0.058108544902249586,4,L2-Arctic Spontaneous,trend,2021-10
Google Chirp 3,Arabic,0.061274509803921566,0.0361051957418045,3,L2-Arctic Spontaneous,trend,2025-10
Google Chirp 3,Chinese,0.08035714285714285,0.03908906409691577,4,L2-Arctic Spontaneous,trend,2025-10
Google Chirp 3,Hindi,0.023809523809523798,0.023809523809523798,3,L2-Arctic Spontaneous,trend,2025-10
Google Chirp 3,Korean,0.11506410256410254,0.06448682902489263,4,L2-Arctic Spontaneous,trend,2025-10
Google Chirp 3,Spanish,0.14340659340659337,0.05115401336909988,4,L2-Arctic Spontaneous,trend,2025-10
Google Chirp 3,USA,0.0,,1,L2-Arctic Spontaneous,trend,2025-10
Google Chirp 3,Vietnamese,0.11199095022624432,0.0235391991478335,4,L2-Arctic Spontaneous,trend,2025-10
MMS 1B All,Arabic,0.2314425770308123,0.07243161417206621,3,L2-Arctic Spontaneous,trend,2023-05
MMS 1B All,Chinese,0.22098214285714285,0.11453742509524553,4,L2-Arctic Spontaneous,trend,2023-05
MMS 1B All,Hindi,0.023809523809523798,0.023809523809523798,3,L2-Arctic Spontaneous,trend,2023-05
MMS 1B All,Korean,0.36459790209790205,0.1004380772932684,4,L2-Arctic Spontaneous,trend,2023-05
MMS 1B All,Spanish,0.2112637362637362,0.05492335244977219,4,L2-Arctic Spontaneous,trend,2023-05
MMS 1B All,USA,0.0,,1,L2-Arctic Spontaneous,trend,2023-05
MMS 1B All,Vietnamese,0.3167420814479638,0.13805231376856733,4,L2-Arctic Spontaneous,trend,2023-05
OWSM 1.0 272M,Arabic,0.10171568627450979,0.054709593837131656,3,L2-Arctic Spontaneous,trend,2023-09
OWSM 1.0 272M,Chinese,0.14285714285714285,0.08150633296207829,4,L2-Arctic Spontaneous,trend,2023-09
OWSM 1.0 272M,Hindi,0.046031746031746,0.023056887375133235,3,L2-Arctic Spontaneous,trend,2023-09
OWSM 1.0 272M,Korean,0.2941433566433566,0.07329594538173481,4,L2-Arctic Spontaneous,trend,2023-09
OWSM 1.0 272M,Spanish,0.14322344322344321,0.05847168199018881,4,L2-Arctic Spontaneous,trend,2023-09
OWSM 1.0 272M,USA,0.1294117647058823,,1,L2-Arctic Spontaneous,trend,2023-09
OWSM 1.0 272M,Vietnamese,0.20361990950226241,0.0647338272515081,4,L2-Arctic Spontaneous,trend,2023-09
OWSM 2.0 739M,Arabic,0.0821078431372549,0.05536449508861038,3,L2-Arctic Spontaneous,trend,2023-10
OWSM 2.0 739M,Chinese,0.14285714285714285,0.06355403721447209,4,L2-Arctic Spontaneous,trend,2023-10
OWSM 2.0 739M,Hindi,0.07167277167277163,0.00296328720378795,3,L2-Arctic Spontaneous,trend,2023-10
OWSM 2.0 739M,Korean,0.17596153846153845,0.0660295306297673,4,L2-Arctic Spontaneous,trend,2023-10
OWSM 2.0 739M,Spanish,0.17280219780219774,0.04211296092857645,4,L2-Arctic Spontaneous,trend,2023-10
OWSM 2.0 739M,USA,0.0117647058823529,,1,L2-Arctic Spontaneous,trend,2023-10
OWSM 2.0 739M,Vietnamese,0.2285067873303167,0.0529140975725181,4,L2-Arctic Spontaneous,trend,2023-10
OWSM 3.1 1B,Arabic,0.10591736694677871,0.04095329161774335,3,L2-Arctic Spontaneous,trend,2024-01
OWSM 3.1 1B,Chinese,0.09598214285714285,0.03982566574723999,4,L2-Arctic Spontaneous,trend,2024-01
OWSM 3.1 1B,Hindi,0.07167277167277163,0.00296328720378795,3,L2-Arctic Spontaneous,trend,2024-01
OWSM 3.1 1B,Korean,0.2086247086247086,0.09910529928483074,4,L2-Arctic Spontaneous,trend,2024-01
OWSM 3.1 1B,Spanish,0.12161172161172157,0.015064404100139995,4,L2-Arctic Spontaneous,trend,2024-01
OWSM 3.1 1B,USA,0.0117647058823529,,1,L2-Arctic Spontaneous,trend,2024-01
OWSM 3.1 1B,Vietnamese,0.16968325791855204,0.050336188826441156,4,L2-Arctic Spontaneous,trend,2024-01
OWSM 4.0 1B,Arabic,0.10591736694677871,0.04095329161774335,3,L2-Arctic Spontaneous,trend,2025-05
OWSM 4.0 1B,Chinese,0.09598214285714285,0.03982566574723999,4,L2-Arctic Spontaneous,trend,2025-05
OWSM 4.0 1B,Hindi,0.09389499389499385,0.019782857569939583,3,L2-Arctic Spontaneous,trend,2025-05
OWSM 4.0 1B,Korean,0.27718531468531465,0.11333880487804229,4,L2-Arctic Spontaneous,trend,2025-05
OWSM 4.0 1B,Spanish,0.13965201465201463,0.02667351505065885,4,L2-Arctic Spontaneous,trend,2025-05
OWSM 4.0 1B,USA,0.0,,1,L2-Arctic Spontaneous,trend,2025-05
OWSM 4.0 1B,Vietnamese,0.2092760180995475,0.04818437995576122,4,L2-Arctic Spontaneous,trend,2025-05
Omnilingual 7B,Arabic,0.19397759103641454,0.03953327780468471,3,L2-Arctic Spontaneous,trend,2025-11
Omnilingual 7B,Chinese,0.11160714285714285,0.05275921994415428,4,L2-Arctic Spontaneous,trend,2025-11
Omnilingual 7B,Hindi,0.06825396825396823,0.038522733649243156,3,L2-Arctic Spontaneous,trend,2025-11
Omnilingual 7B,Korean,0.26914335664335665,0.050659170477399235,4,L2-Arctic Spontaneous,trend,2025-11
Omnilingual 7B,Spanish,0.12280219780219778,0.05124614454607936,4,L2-Arctic Spontaneous,trend,2025-11
Omnilingual 7B,USA,0.0,,1,L2-Arctic Spontaneous,trend,2025-11
Omnilingual 7B,Vietnamese,0.19004524886877824,0.0474214477292986,4,L2-Arctic Spontaneous,trend,2025-11
Qwen2 Audio 7B,Arabic,0.10469187675070026,0.016766554473127294,3,L2-Arctic Spontaneous,trend,2024-08
Qwen2 Audio 7B,Chinese,0.09598214285714285,0.05374166898733438,4,L2-Arctic Spontaneous,trend,2024-08
Qwen2 Audio 7B,Hindi,0.09389499389499385,0.019782857569939583,3,L2-Arctic Spontaneous,trend,2024-08
Qwen2 Audio 7B,Korean,0.4092948717948718,0.20827144051041035,4,L2-Arctic Spontaneous,trend,2024-08
Qwen2 Audio 7B,Spanish,0.17399267399267393,0.059168943125884554,4,L2-Arctic Spontaneous,trend,2024-08
Qwen2 Audio 7B,USA,0.0,,1,L2-Arctic Spontaneous,trend,2024-08
Qwen2 Audio 7B,Vietnamese,0.23416289592760178,0.07035132052577878,4,L2-Arctic Spontaneous,trend,2024-08
Qwen3 ASR 1.7B,Arabic,0.08508403361344537,0.020286983104861312,3,L2-Arctic Spontaneous,trend,2025-06
Qwen3 ASR 1.7B,Chinese,0.08035714285714285,0.029612721342458927,4,L2-Arctic Spontaneous,trend,2025-06
Qwen3 ASR 1.7B,Hindi,0.09731379731379726,0.0282995844231352,3,L2-Arctic Spontaneous,trend,2025-06
Qwen3 ASR 1.7B,Korean,0.16506410256410256,0.11323904376236868,4,L2-Arctic Spontaneous,trend,2025-06
Qwen3 ASR 1.7B,Spanish,0.08708791208791206,0.01555689845517294,4,L2-Arctic Spontaneous,trend,2025-06
Qwen3 ASR 1.7B,USA,0.0,,1,L2-Arctic Spontaneous,trend,2025-06
Qwen3 ASR 1.7B,Vietnamese,0.1266968325791855,0.05596975962376914,4,L2-Arctic Spontaneous,trend,2025-06
SeamlessM4T,Arabic,0.1297268907563025,0.03772139605464853,3,L2-Arctic Spontaneous,trend,2023-12
SeamlessM4T,Chinese,0.09598214285714285,0.03982566574723999,4,L2-Arctic Spontaneous,trend,2023-12
SeamlessM4T,Hindi,0.07167277167277163,0.00296328720378795,3,L2-Arctic Spontaneous,trend,2023-12
SeamlessM4T,Korean,0.22368881118881118,0.06725967393797795,4,L2-Arctic Spontaneous,trend,2023-12
SeamlessM4T,Spanish,0.17673992673992667,0.044972352501792226,4,L2-Arctic Spontaneous,trend,2023-12
SeamlessM4T,USA,0.0,,1,L2-Arctic Spontaneous,trend,2023-12
SeamlessM4T,Vietnamese,0.22398190045248864,0.05124322014889649,4,L2-Arctic Spontaneous,trend,2023-12
WavLM Libri-100h,Arabic,0.4413515406162465,0.04976702356004587,3,L2-Arctic Spontaneous,trend,2021-12
WavLM Libri-100h,Chinese,0.6267857142857143,0.1137146259566578,4,L2-Arctic Spontaneous,trend,2021-12
WavLM Libri-100h,Hindi,0.3327228327228327,0.01427840728147312,3,L2-Arctic Spontaneous,trend,2021-12
WavLM Libri-100h,Korean,0.6506993006993007,0.12373094532220245,4,L2-Arctic Spontaneous,trend,2021-12
WavLM Libri-100h,Spanish,0.5072344322344322,0.1579704304991111,4,L2-Arctic Spontaneous,trend,2021-12
WavLM Libri-100h,USA,0.5764705882352941,,1,L2-Arctic Spontaneous,trend,2021-12
WavLM Libri-100h,Vietnamese,0.45135746606334837,0.013368852112545872,4,L2-Arctic Spontaneous,trend,2021-12
Whisper Large v1,Arabic,0.7142857142857143,,1,L2-Arctic Spontaneous,trend,2022-09
Whisper Large v1,Chinese,0.0714285714285714,,1,L2-Arctic Spontaneous,trend,2022-09
Whisper Large v1,Hindi,0.6205128205128205,0.31282051282051276,2,L2-Arctic Spontaneous,trend,2022-09
Whisper Large v1,Korean,0.3522144522144522,0.104516540401094,4,L2-Arctic Spontaneous,trend,2022-09
Whisper Large v1,Spanish,0.739010989010989,0.046703296703296676,2,L2-Arctic Spontaneous,trend,2022-09
Whisper Large v1,USA,0.0,,1,L2-Arctic Spontaneous,trend,2022-09
Whisper Large v1,Vietnamese,0.41628959276018096,0.12217194570135748,2,L2-Arctic Spontaneous,trend,2022-09
Whisper Large v2,Arabic,0.1731442577030812,0.02880580343759669,3,L2-Arctic Spontaneous,trend,2022-12
Whisper Large v2,Chinese,0.16785714285714284,0.09023601423659028,4,L2-Arctic Spontaneous,trend,2022-12
Whisper Large v2,Hindi,0.023809523809523798,0.023809523809523798,3,L2-Arctic Spontaneous,trend,2022-12
Whisper Large v2,Korean,0.19519230769230766,0.06667976325994542,4,L2-Arctic Spontaneous,trend,2022-12
Whisper Large v2,Spanish,0.22399267399267397,0.09534199976803115,4,L2-Arctic Spontaneous,trend,2022-12
Whisper Large v2,USA,0.0,,1,L2-Arctic Spontaneous,trend,2022-12
Whisper Large v2,Vietnamese,0.20475113122171942,0.07387666003283119,4,L2-Arctic Spontaneous,trend,2022-12
Whisper Large v3,Arabic,0.12552521008403358,0.033737679643170496,3,L2-Arctic Spontaneous,trend,2023-11
Whisper Large v3,Chinese,0.13660714285714284,0.03934992047636944,4,L2-Arctic Spontaneous,trend,2023-11
Whisper Large v3,Hindi,0.06825396825396823,0.038522733649243156,3,L2-Arctic Spontaneous,trend,2023-11
Whisper Large v3,Korean,0.18589743589743588,0.11009976946998505,4,L2-Arctic Spontaneous,trend,2023-11
Whisper Large v3,Spanish,0.22399267399267397,0.0733920514501642,4,L2-Arctic Spontaneous,trend,2023-11
Whisper Large v3,USA,0.0,,1,L2-Arctic Spontaneous,trend,2023-11
Whisper Large v3,Vietnamese,0.11199095022624432,0.023539199147833496,4,L2-Arctic Spontaneous,trend,2023-11
Canary Qwen 2.5B,Arabic,0.233587229355506,0.02387773217257308,59,SAA,degradation,2025-07
Canary Qwen 2.5B,Dutch,0.1484824699110413,0.011427739489817602,42,SAA,degradation,2025-07
Canary Qwen 2.5B,English,0.1351197684134755,0.0035788997371841297,181,SAA,degradation,2025-07
Canary Qwen 2.5B,French,0.15257810816634343,0.008530721228223155,45,SAA,degradation,2025-07
Canary Qwen 2.5B,German,0.13127943485086338,0.008202122290619658,28,SAA,degradation,2025-07
Canary Qwen 2.5B,Italian,0.18737596253076122,0.01794830522432215,27,SAA,degradation,2025-07
Canary Qwen 2.5B,Korean,0.21593323720020546,0.034441415853748644,26,SAA,degradation,2025-07
Canary Qwen 2.5B,Mandarin,0.18339547357404493,0.01667590870366114,28,SAA,degradation,2025-07
Canary Qwen 2.5B,Portuguese,0.1616837952870341,0.012879175298679161,39,SAA,degradation,2025-07
Canary Qwen 2.5B,Russian,0.18045332276831325,0.012353660238081505,31,SAA,degradation,2025-07
Canary Qwen 2.5B,Spanish,0.20997231785576723,0.018393977508858822,72,SAA,degradation,2025-07
Canary Qwen 2.5B,Turkish,0.26296977124183,0.0406292470305188,24,SAA,degradation,2025-07
Deepspeech,Arabic,0.4960064166532632,0.03134040282730211,60,SAA,degradation,2021-10
Deepspeech,Dutch,0.3426216640502354,0.02636457195986948,42,SAA,degradation,2021-10
Deepspeech,English,0.2944221324500304,0.010623677441571359,181,SAA,degradation,2021-10
Deepspeech,French,0.4445317101199454,0.029074328169943896,45,SAA,degradation,2021-10
Deepspeech,German,0.3702904238618524,0.03912481508975119,28,SAA,degradation,2021-10
Deepspeech,Italian,0.49712587464135455,0.03548613512575055,27,SAA,degradation,2021-10
Deepspeech,Korean,0.6764167205343676,0.06161592558700038,26,SAA,degradation,2021-10
Deepspeech,Mandarin,0.5407836211407641,0.032893910917581905,28,SAA,degradation,2021-10
Deepspeech,Portuguese,0.4644673814714301,0.0286673876159864,39,SAA,degradation,2021-10
Deepspeech,Russian,0.5096127781137268,0.03388060264250981,31,SAA,degradation,2021-10
Deepspeech,Spanish,0.5068935595493258,0.02467128763785101,72,SAA,degradation,2021-10
Deepspeech,Turkish,0.6152650964231846,0.05611368924983032,24,SAA,degradation,2021-10
Google Chirp 3,Arabic,0.2432293640723307,0.023168793676923115,60,SAA,degradation,2025-10
Google Chirp 3,Dutch,0.15986394557823122,0.007309579233590564,42,SAA,degradation,2025-10
Google Chirp 3,English,0.15692044520106707,0.0036745886541543053,181,SAA,degradation,2025-10
Google Chirp 3,French,0.17921191553544488,0.010782999126208923,45,SAA,degradation,2025-10
Google Chirp 3,German,0.16542386185243324,0.009610043476455407,28,SAA,degradation,2025-10
Google Chirp 3,Italian,0.22058130494662997,0.026197670326695136,27,SAA,degradation,2025-10
Google Chirp 3,Korean,0.2441889181708186,0.03552278674313086,26,SAA,degradation,2025-10
Google Chirp 3,Mandarin,0.20223377812663523,0.01906291987437241,28,SAA,degradation,2025-10
Google Chirp 3,Portuguese,0.18434399608488672,0.012780306346412603,39,SAA,degradation,2025-10
Google Chirp 3,Russian,0.21468190253768996,0.01570609319267855,31,SAA,degradation,2025-10
Google Chirp 3,Spanish,0.22563884087523142,0.016633676941979474,72,SAA,degradation,2025-10
Google Chirp 3,Turkish,0.2490719044027867,0.037789202201649316,24,SAA,degradation,2025-10
MMS 1B All,Arabic,0.28492585379238977,0.02043837624518051,60,SAA,degradation,2023-05
MMS 1B All,Dutch,0.17961800104657244,0.01222670865231677,42,SAA,degradation,2023-05
MMS 1B All,English,0.18222956863421766,0.007272597394046293,181,SAA,degradation,2023-05
MMS 1B All,French,0.2600456079867844,0.021652703865805215,45,SAA,degradation,2023-05
MMS 1B All,German,0.1766091051805337,0.020710888790097536,28,SAA,degradation,2023-05
MMS 1B All,Italian,0.3215199260090901,0.026630718728194055,27,SAA,degradation,2023-05
MMS 1B All,Korean,0.42929988563472726,0.0551467391001616,26,SAA,degradation,2023-05
MMS 1B All,Mandarin,0.38611983254840393,0.0324691669698219,28,SAA,degradation,2023-05
MMS 1B All,Portuguese,0.2837715590752028,0.0221633036286846,39,SAA,degradation,2023-05
MMS 1B All,Russian,0.3008945513689346,0.030058705826249296,31,SAA,degradation,2023-05
MMS 1B All,Spanish,0.32839201198173074,0.02183886902018273,72,SAA,degradation,2023-05
MMS 1B All,Turkish,0.3915267228686346,0.04693025851761261,24,SAA,degradation,2023-05
OWSM 1.0 272M,Arabic,0.26960004728387077,0.019001184528656706,60,SAA,degradation,2023-09
OWSM 1.0 272M,Dutch,0.19736612593755445,0.013501769882122967,42,SAA,degradation,2023-09
OWSM 1.0 272M,English,0.1937558495039294,0.006786809756116253,181,SAA,degradation,2023-09
OWSM 1.0 272M,French,0.26195324283559573,0.022364777827277336,45,SAA,degradation,2023-09
OWSM 1.0 272M,German,0.2246860282574568,0.02116598903650531,28,SAA,degradation,2023-09
OWSM 1.0 272M,Italian,0.2807737529959752,0.029085053738775617,27,SAA,degradation,2023-09
OWSM 1.0 272M,Korean,0.3495509571003736,0.03550619124080151,26,SAA,degradation,2023-09
OWSM 1.0 272M,Mandarin,0.32885269492412345,0.029524720115081143,28,SAA,degradation,2023-09
OWSM 1.0 272M,Portuguese,0.31116252168883746,0.02734175146150319,39,SAA,degradation,2023-09
OWSM 1.0 272M,Russian,0.2838503474177098,0.01978397474882485,31,SAA,degradation,2023-09
OWSM 1.0 272M,Spanish,0.35422676905520034,0.02548007830780648,72,SAA,degradation,2023-09
OWSM 1.0 272M,Turkish,0.32332291891115417,0.0426325866615031,24,SAA,degradation,2023-09
OWSM 2.0 739M,Arabic,0.21921200531494645,0.016458620037885473,60,SAA,degradation,2023-10
OWSM 2.0 739M,Dutch,0.15746555032269313,0.008891905370068988,42,SAA,degradation,2023-10
OWSM 2.0 739M,English,0.15838833352474455,0.005944874916808618,181,SAA,degradation,2023-10
OWSM 2.0 739M,French,0.20376325743972798,0.015959420879669062,45,SAA,degradation,2023-10
OWSM 2.0 739M,German,0.162480376766091,0.012290730179628687,28,SAA,degradation,2023-10
OWSM 2.0 739M,Italian,0.2158176185953963,0.03053004856834393,27,SAA,degradation,2023-10
OWSM 2.0 739M,Korean,0.2552837235797464,0.030686350855056412,26,SAA,degradation,2023-10
OWSM 2.0 739M,Mandarin,0.2433199241234955,0.02481110373264364,28,SAA,degradation,2023-10
OWSM 2.0 739M,Portuguese,0.23812489804392634,0.01836167780218963,39,SAA,degradation,2023-10
OWSM 2.0 739M,Russian,0.22423559994717485,0.014025521841272409,31,SAA,degradation,2023-10
OWSM 2.0 739M,Spanish,0.2430510042336022,0.02223154988905412,72,SAA,degradation,2023-10
OWSM 2.0 739M,Turkish,0.2874739639445521,0.04120604577124554,24,SAA,degradation,2023-10
OWSM 3.1 1B,Arabic,0.24478758766940378,0.027833156317482483,60,SAA,degradation,2024-01
OWSM 3.1 1B,Dutch,0.14913657770800623,0.02282294676293761,42,SAA,degradation,2024-01
OWSM 3.1 1B,English,0.13796033153682433,0.006373290000266309,181,SAA,degradation,2024-01
OWSM 3.1 1B,French,0.1583053221288515,0.015371661624825285,45,SAA,degradation,2024-01
OWSM 3.1 1B,German,0.13422291993720561,0.013050283868198656,28,SAA,degradation,2024-01
OWSM 3.1 1B,Italian,0.20635007264264227,0.023411568672126907,27,SAA,degradation,2024-01
OWSM 3.1 1B,Korean,0.28569605356935673,0.04544665202428661,26,SAA,degradation,2024-01
OWSM 3.1 1B,Mandarin,0.2205160910518053,0.02246863257953771,28,SAA,degradation,2024-01
OWSM 3.1 1B,Portuguese,0.19479171301033643,0.01653362573879011,39,SAA,degradation,2024-01
OWSM 3.1 1B,Russian,0.24037158287632665,0.028798279604801705,31,SAA,degradation,2024-01
OWSM 3.1 1B,Spanish,0.2322700546142883,0.021798406859387744,72,SAA,degradation,2024-01
OWSM 3.1 1B,Turkish,0.26241762730733315,0.04241743436914973,24,SAA,degradation,2024-01
OWSM 4.0 1B,Arabic,0.20545774078862308,0.0176071845851262,60,SAA,degradation,2025-05
OWSM 4.0 1B,Dutch,0.12277603349031917,0.009655975825497343,42,SAA,degradation,2025-05
OWSM 4.0 1B,English,0.13698351150243795,0.005646016788300706,181,SAA,degradation,2025-05
OWSM 4.0 1B,French,0.17240896358543414,0.01995545340379257,45,SAA,degradation,2025-05
OWSM 4.0 1B,German,0.1507064364207221,0.01798594251516587,28,SAA,degradation,2025-05
OWSM 4.0 1B,Italian,0.17639228055894718,0.021282153892292613,27,SAA,degradation,2025-05
OWSM 4.0 1B,Korean,0.20722669011547312,0.02814391009733316,26,SAA,degradation,2025-05
OWSM 4.0 1B,Mandarin,0.20152243589743588,0.027861674843840813,28,SAA,degradation,2025-05
OWSM 4.0 1B,Portuguese,0.182112084946093,0.017978380710978646,39,SAA,degradation,2025-05
OWSM 4.0 1B,Russian,0.20812741970237222,0.017944116048428806,31,SAA,degradation,2025-05
OWSM 4.0 1B,Spanish,0.21109673392148878,0.01943687401138088,72,SAA,degradation,2025-05
OWSM 4.0 1B,Turkish,0.22085308482367302,0.04015544568703584,24,SAA,degradation,2025-05
Omnilingual 7B,Arabic,0.21499092955206256,0.024862251542194208,60,SAA,degradation,2025-11
Omnilingual 7B,Dutch,0.13226059654631078,0.009788104717200817,42,SAA,degradation,2025-11
Omnilingual 7B,English,0.1339708636043497,0.004423795136279781,181,SAA,degradation,2025-11
Omnilingual 7B,French,0.16811983767866118,0.018181462839651403,45,SAA,degradation,2025-11
Omnilingual 7B,German,0.13736263736263732,0.014757924393220693,28,SAA,degradation,2025-11
Omnilingual 7B,Italian,0.20341727559219813,0.031389413135647,27,SAA,degradation,2025-11
Omnilingual 7B,Korean,0.2632647141696915,0.04512636738337336,26,SAA,degradation,2025-11
Omnilingual 7B,Mandarin,0.23731848508634218,0.02961047686103951,28,SAA,degradation,2025-11
Omnilingual 7B,Portuguese,0.16123889605670977,0.012643257641258912,39,SAA,degradation,2025-11
Omnilingual 7B,Russian,0.1873136351314719,0.01755526113125783,31,SAA,degradation,2025-11
Omnilingual 7B,Spanish,0.2163887466067548,0.021666150375173256,72,SAA,degradation,2025-11
Omnilingual 7B,Turkish,0.28197160274366156,0.04671612185712526,24,SAA,degradation,2025-11
Qwen2 Audio 7B,Arabic,0.2501610052840952,0.020249545839123584,60,SAA,degradation,2024-08
Qwen2 Audio 7B,Dutch,0.17791732077446357,0.009709985736297956,42,SAA,degradation,2024-08
Qwen2 Audio 7B,English,0.16088896545339076,0.003480416538452832,181,SAA,degradation,2024-08
Qwen2 Audio 7B,French,0.1765574499030381,0.009381270250316357,44,SAA,degradation,2024-08
Qwen2 Audio 7B,German,0.1919152276295133,0.02130250112967125,28,SAA,degradation,2024-08
Qwen2 Audio 7B,Italian,0.2556940680005695,0.03479116874215738,27,SAA,degradation,2024-08
Qwen2 Audio 7B,Korean,0.27851093099961877,0.03903721742760828,26,SAA,degradation,2024-08
Qwen2 Audio 7B,Mandarin,0.22428538723181576,0.018025709657439663,28,SAA,degradation,2024-08
Qwen2 Audio 7B,Portuguese,0.21553884711779445,0.01534365111795175,39,SAA,degradation,2024-08
Qwen2 Audio 7B,Russian,0.22726609254123478,0.016825085799055187,31,SAA,degradation,2024-08
Qwen2 Audio 7B,Spanish,0.24138000004320212,0.018788153238117146,70,SAA,degradation,2024-08
Qwen2 Audio 7B,Turkish,0.29106177727501253,0.04066184135775975,24,SAA,degradation,2024-08
Qwen3 ASR 1.7B,Arabic,0.1493133474712422,0.013774938376767604,60,SAA,degradation,2025-06
Qwen3 ASR 1.7B,Dutch,0.07326007326007324,0.008772256461767535,42,SAA,degradation,2025-06
Qwen3 ASR 1.7B,English,0.0686961313853536,0.002954417389311009,181,SAA,degradation,2025-06
Qwen3 ASR 1.7B,French,0.10248243042360687,0.010147164107949956,45,SAA,degradation,2025-06
Qwen3 ASR 1.7B,German,0.08928571428571426,0.013863948103082878,28,SAA,degradation,2025-06
Qwen3 ASR 1.7B,Italian,0.11573464168493405,0.017437200817932604,27,SAA,degradation,2025-06
Qwen3 ASR 1.7B,Korean,0.1480808050407955,0.022562307481412237,26,SAA,degradation,2025-06
Qwen3 ASR 1.7B,Mandarin,0.13412480376766087,0.017597524852313813,28,SAA,degradation,2025-06
Qwen3 ASR 1.7B,Portuguese,0.09826341000430065,0.010530511451608604,39,SAA,degradation,2025-06
Qwen3 ASR 1.7B,Russian,0.14325606925227416,0.016931808676858784,31,SAA,degradation,2025-06
Qwen3 ASR 1.7B,Spanish,0.1379131799668435,0.011933964838486702,72,SAA,degradation,2025-06
Qwen3 ASR 1.7B,Turkish,0.10478390073978305,0.014516251803756453,24,SAA,degradation,2025-06
SeamlessM4T,Arabic,0.2046415852665852,0.010992652836212312,60,SAA,degradation,2023-12
SeamlessM4T,Dutch,0.1555032269317983,0.005578877364357854,42,SAA,degradation,2023-12
SeamlessM4T,English,0.15484893788265144,0.003379931815816144,181,SAA,degradation,2023-12
SeamlessM4T,French,0.18576097105508865,0.01685304900283128,45,SAA,degradation,2023-12
SeamlessM4T,German,0.14697802197802193,0.004216670623567613,28,SAA,degradation,2023-12
SeamlessM4T,Italian,0.20222832722832718,0.02486363444751553,27,SAA,degradation,2023-12
SeamlessM4T,Korean,0.21206028035630317,0.01780252004331395,26,SAA,degradation,2023-12
SeamlessM4T,Mandarin,0.19512853218210355,0.018840321915723334,28,SAA,degradation,2023-12
SeamlessM4T,Portuguese,0.18124453144696054,0.012016139426705387,39,SAA,degradation,2023-12
SeamlessM4T,Russian,0.21213100624865328,0.02595117081735155,31,SAA,degradation,2023-12
SeamlessM4T,Spanish,0.21716832210092007,0.017654308117475467,72,SAA,degradation,2023-12
SeamlessM4T,Turkish,0.24885980033038854,0.039379097376647264,24,SAA,degradation,2023-12
WavLM Libri-100h,Arabic,0.5378042681164872,0.030275907116552387,60,SAA,degradation,2021-12
WavLM Libri-100h,Dutch,0.37938252223966507,0.02331192881429113,42,SAA,degradation,2021-12
WavLM Libri-100h,English,0.33289886476731145,0.010918384294692496,181,SAA,degradation,2021-12
WavLM Libri-100h,French,0.4811030309559721,0.02466252512954615,45,SAA,degradation,2021-12
WavLM Libri-100h,German,0.3997252747252747,0.038926595616927545,28,SAA,degradation,2021-12
WavLM Libri-100h,Italian,0.5126498530136301,0.031079714988080393,27,SAA,degradation,2021-12
WavLM Libri-100h,Korean,0.7009000049724031,0.050215435969599834,26,SAA,degradation,2021-12
WavLM Libri-100h,Mandarin,0.5199094060701203,0.02421199707274996,28,SAA,degradation,2021-12
WavLM Libri-100h,Portuguese,0.527524432382732,0.029833847735266282,39,SAA,degradation,2021-12
WavLM Libri-100h,Russian,0.5959713910378046,0.03584130958181825,31,SAA,degradation,2021-12
WavLM Libri-100h,Spanish,0.587986825409426,0.02701141928085701,72,SAA,degradation,2021-12
WavLM Libri-100h,Turkish,0.6660219376212023,0.04721067502244143,24,SAA,degradation,2021-12
Whisper Large v1,Arabic,1.6688456370170142,0.46149586742962373,54,SAA,degradation,2022-09
Whisper Large v1,Dutch,0.9918890633176347,0.369606537970927,42,SAA,degradation,2022-09
Whisper Large v1,English,1.3668435937401022,0.2165780735366617,173,SAA,degradation,2022-09
Whisper Large v1,French,2.5081468633965214,0.5881115953912136,43,SAA,degradation,2022-09
Whisper Large v1,German,2.401912901912902,0.8376908492977454,27,SAA,degradation,2022-09
Whisper Large v1,Italian,1.7718781844721694,0.6702264140646924,21,SAA,degradation,2022-09
Whisper Large v1,Korean,1.8028280542986426,0.6545550918714146,24,SAA,degradation,2022-09
Whisper Large v1,Mandarin,1.9432997557997556,0.7344912655517036,27,SAA,degradation,2022-09
Whisper Large v1,Portuguese,1.9114626483047537,0.531172007801585,37,SAA,degradation,2022-09
Whisper Large v1,Russian,1.853379813463847,0.6098490943687062,28,SAA,degradation,2022-09
Whisper Large v1,Spanish,1.8388768991138087,0.3872453855968388,69,SAA,degradation,2022-09
Whisper Large v1,Turkish,3.6589523629964806,0.9820053760219212,24,SAA,degradation,2022-09
Whisper Large v2,Arabic,0.23097625287472232,0.024192851054600378,60,SAA,degradation,2022-12
Whisper Large v2,Dutch,0.1759549973835688,0.019167065382421807,42,SAA,degradation,2022-12
Whisper Large v2,English,0.1678289274493283,0.005342991224635813,181,SAA,degradation,2022-12
Whisper Large v2,French,0.19124937154348914,0.01252754472212767,45,SAA,degradation,2022-12
Whisper Large v2,German,0.1658163265306122,0.01693297147299196,28,SAA,degradation,2022-12
Whisper Large v2,Italian,0.24867063334555592,0.02994482689161525,27,SAA,degradation,2022-12
Whisper Large v2,Korean,0.24830079724197368,0.047574069025366206,25,SAA,degradation,2022-12
Whisper Large v2,Mandarin,0.19754873103087386,0.02076574082786884,28,SAA,degradation,2022-12
Whisper Large v2,Portuguese,0.1958965460989752,0.013847724292768884,39,SAA,degradation,2022-12
Whisper Large v2,Russian,0.20027316137373058,0.01920069017835671,31,SAA,degradation,2022-12
Whisper Large v2,Spanish,0.255607628979017,0.022659064670637514,72,SAA,degradation,2022-12
Whisper Large v2,Turkish,0.3342266393736981,0.047288396908834414,24,SAA,degradation,2022-12
Whisper Large v3,Arabic,0.2222823003833315,0.025862297237584174,60,SAA,degradation,2023-11
Whisper Large v3,Dutch,0.15083725798011507,0.016898622911611417,42,SAA,degradation,2023-11
Whisper Large v3,English,0.12327008945703671,0.006124364497118525,181,SAA,degradation,2023-11
Whisper Large v3,French,0.1792988220929397,0.016807206209262977,45,SAA,degradation,2023-11
Whisper Large v3,German,0.12892464678178958,0.014097755570251044,28,SAA,degradation,2023-11
Whisper Large v3,Italian,0.19817045126642643,0.02251460960855306,27,SAA,degradation,2023-11
Whisper Large v3,Korean,0.239813203387864,0.04255259281800203,26,SAA,degradation,2023-11
Whisper Large v3,Mandarin,0.1937957875457875,0.023350895723658525,28,SAA,degradation,2023-11
Whisper Large v3,Portuguese,0.18659815218519668,0.017473330345662366,39,SAA,degradation,2023-11
Whisper Large v3,Russian,0.2046833621786183,0.020142341097201342,31,SAA,degradation,2023-11
Whisper Large v3,Spanish,0.20789140555007424,0.020059231031677657,72,SAA,degradation,2023-11
Whisper Large v3,Turkish,0.28008286647992525,0.051764067063698606,24,SAA,degradation,2023-11
Canary Qwen 2.5B,Arabic,0.2154471076941477,0.01579686994821068,58,SAA,trend,2025-07
Canary Qwen 2.5B,Dutch,0.1484824699110413,0.011427739489817602,42,SAA,trend,2025-07
Canary Qwen 2.5B,English,0.1351197684134755,0.0035788997371841297,181,SAA,trend,2025-07
Canary Qwen 2.5B,French,0.15257810816634343,0.008530721228223155,45,SAA,trend,2025-07
Canary Qwen 2.5B,German,0.13127943485086338,0.008202122290619658,28,SAA,trend,2025-07
Canary Qwen 2.5B,Italian,0.18737596253076122,0.01794830522432215,27,SAA,trend,2025-07
Canary Qwen 2.5B,Korean,0.21593323720020546,0.034441415853748644,26,SAA,trend,2025-07
Canary Qwen 2.5B,Mandarin,0.18339547357404493,0.01667590870366114,28,SAA,trend,2025-07
Canary Qwen 2.5B,Portuguese,0.1616837952870341,0.012879175298679161,39,SAA,trend,2025-07
Canary Qwen 2.5B,Russian,0.18045332276831325,0.012353660238081505,31,SAA,trend,2025-07
Canary Qwen 2.5B,Spanish,0.19482102253381628,0.010577549961908564,71,SAA,trend,2025-07
Canary Qwen 2.5B,Turkish,0.26296977124183,0.0406292470305188,24,SAA,trend,2025-07
Deepspeech,Arabic,0.4802002300105825,0.027525260746567387,59,SAA,trend,2021-10
Deepspeech,Dutch,0.3426216640502354,0.02636457195986948,42,SAA,trend,2021-10
Deepspeech,English,0.2944221324500304,0.010623677441571359,181,SAA,trend,2021-10
Deepspeech,French,0.4445317101199454,0.029074328169943896,45,SAA,trend,2021-10
Deepspeech,German,0.3702904238618524,0.03912481508975119,28,SAA,trend,2021-10
Deepspeech,Italian,0.49712587464135455,0.03548613512575055,27,SAA,trend,2021-10
Deepspeech,Korean,0.6349019607843137,0.04738988210832823,25,SAA,trend,2021-10
Deepspeech,Mandarin,0.5407836211407641,0.032893910917581905,28,SAA,trend,2021-10
Deepspeech,Portuguese,0.4644673814714301,0.0286673876159864,39,SAA,trend,2021-10
Deepspeech,Russian,0.5096127781137268,0.03388060264250981,31,SAA,trend,2021-10
Deepspeech,Spanish,0.49391218111239477,0.021277503151802275,71,SAA,trend,2021-10
Deepspeech,Turkish,0.579903951547174,0.0455072688014201,23,SAA,trend,2021-10
Google Chirp 3,Arabic,0.22556012811229753,0.015242559554017264,59,SAA,trend,2025-10
Google Chirp 3,Dutch,0.15986394557823122,0.007309579233590564,42,SAA,trend,2025-10
Google Chirp 3,English,0.15692044520106707,0.0036745886541543053,181,SAA,trend,2025-10
Google Chirp 3,French,0.17921191553544488,0.010782999126208923,45,SAA,trend,2025-10
Google Chirp 3,German,0.16542386185243324,0.009610043476455407,28,SAA,trend,2025-10
Google Chirp 3,Italian,0.22058130494662997,0.026197670326695136,27,SAA,trend,2025-10
Google Chirp 3,Korean,0.2441889181708186,0.03552278674313086,26,SAA,trend,2025-10
Google Chirp 3,Mandarin,0.20223377812663523,0.01906291987437241,28,SAA,trend,2025-10
Google Chirp 3,Portuguese,0.18434399608488672,0.012780306346412603,39,SAA,trend,2025-10
Google Chirp 3,Russian,0.21468190253768996,0.01570609319267855,31,SAA,trend,2025-10
Google Chirp 3,Spanish,0.21272027324168338,0.010626696141151894,71,SAA,trend,2025-10
Google Chirp 3,Turkish,0.2490719044027867,0.037789202201649316,24,SAA,trend,2025-10
MMS 1B All,Arabic,0.27038464550315666,0.01460799798747593,59,SAA,trend,2023-05
MMS 1B All,Dutch,0.17961800104657244,0.01222670865231677,42,SAA,trend,2023-05
MMS 1B All,English,0.18222956863421766,0.007272597394046293,181,SAA,trend,2023-05
MMS 1B All,French,0.2600456079867844,0.021652703865805215,45,SAA,trend,2023-05
MMS 1B All,German,0.1766091051805337,0.020710888790097536,28,SAA,trend,2023-05
MMS 1B All,Italian,0.3215199260090901,0.026630718728194055,27,SAA,trend,2023-05
MMS 1B All,Korean,0.38932902391725915,0.03954471057157583,25,SAA,trend,2023-05
MMS 1B All,Mandarin,0.38611983254840393,0.0324691669698219,28,SAA,trend,2023-05
MMS 1B All,Portuguese,0.2837715590752028,0.0221633036286846,39,SAA,trend,2023-05
MMS 1B All,Russian,0.3008945513689346,0.030058705826249296,31,SAA,trend,2023-05
MMS 1B All,Spanish,0.31289652724103073,0.015607453803809384,71,SAA,trend,2023-05
MMS 1B All,Turkish,0.3588601828691343,0.03519317592412682,23,SAA,trend,2023-05
OWSM 1.0 272M,Arabic,0.26960004728387077,0.019001184528656706,60,SAA,trend,2023-09
OWSM 1.0 272M,Dutch,0.19736612593755445,0.013501769882122967,42,SAA,trend,2023-09
OWSM 1.0 272M,English,0.1937558495039294,0.006786809756116253,181,SAA,trend,2023-09
OWSM 1.0 272M,French,0.26195324283559573,0.022364777827277336,45,SAA,trend,2023-09
OWSM 1.0 272M,German,0.2246860282574568,0.02116598903650531,28,SAA,trend,2023-09
OWSM 1.0 272M,Italian,0.2807737529959752,0.029085053738775617,27,SAA,trend,2023-09
OWSM 1.0 272M,Korean,0.3495509571003736,0.03550619124080151,26,SAA,trend,2023-09
OWSM 1.0 272M,Mandarin,0.32885269492412345,0.029524720115081143,28,SAA,trend,2023-09
OWSM 1.0 272M,Portuguese,0.31116252168883746,0.02734175146150319,39,SAA,trend,2023-09
OWSM 1.0 272M,Russian,0.2838503474177098,0.01978397474882485,31,SAA,trend,2023-09
OWSM 1.0 272M,Spanish,0.3390951541324366,0.020791255259597644,71,SAA,trend,2023-09
OWSM 1.0 272M,Turkish,0.32332291891115417,0.0426325866615031,24,SAA,trend,2023-09
OWSM 2.0 739M,Arabic,0.21921200531494645,0.016458620037885473,60,SAA,trend,2023-10
OWSM 2.0 739M,Dutch,0.15746555032269313,0.008891905370068988,42,SAA,trend,2023-10
OWSM 2.0 739M,English,0.15838833352474455,0.005944874916808618,181,SAA,trend,2023-10
OWSM 2.0 739M,French,0.20376325743972798,0.015959420879669062,45,SAA,trend,2023-10
OWSM 2.0 739M,German,0.162480376766091,0.012290730179628687,28,SAA,trend,2023-10
OWSM 2.0 739M,Italian,0.2158176185953963,0.03053004856834393,27,SAA,trend,2023-10
OWSM 2.0 739M,Korean,0.2552837235797464,0.030686350855056412,26,SAA,trend,2023-10
OWSM 2.0 739M,Mandarin,0.2433199241234955,0.02481110373264364,28,SAA,trend,2023-10
OWSM 2.0 739M,Portuguese,0.23812489804392634,0.01836167780218963,39,SAA,trend,2023-10
OWSM 2.0 739M,Russian,0.22423559994717485,0.014025521841272409,31,SAA,trend,2023-10
OWSM 2.0 739M,Spanish,0.22635353346828074,0.014885953204650451,71,SAA,trend,2023-10
OWSM 2.0 739M,Turkish,0.2874739639445521,0.04120604577124554,24,SAA,trend,2023-10
OWSM 3.1 1B,Arabic,0.2247234547727593,0.019620059097749325,59,SAA,trend,2024-01
OWSM 3.1 1B,Dutch,0.14913657770800623,0.02282294676293761,42,SAA,trend,2024-01
OWSM 3.1 1B,English,0.13796033153682433,0.006373290000266309,181,SAA,trend,2024-01
OWSM 3.1 1B,French,0.1583053221288515,0.015371661624825285,45,SAA,trend,2024-01
OWSM 3.1 1B,German,0.13422291993720561,0.013050283868198656,28,SAA,trend,2024-01
OWSM 3.1 1B,Italian,0.20635007264264227,0.023411568672126907,27,SAA,trend,2024-01
OWSM 3.1 1B,Korean,0.25140960999784523,0.031048206572795823,25,SAA,trend,2024-01
OWSM 3.1 1B,Mandarin,0.2205160910518053,0.02246863257953771,28,SAA,trend,2024-01
OWSM 3.1 1B,Portuguese,0.19479171301033643,0.01653362573879011,39,SAA,trend,2024-01
OWSM 3.1 1B,Russian,0.24037158287632665,0.028798279604801705,31,SAA,trend,2024-01
OWSM 3.1 1B,Spanish,0.21542073948813142,0.014026261460893431,71,SAA,trend,2024-01
OWSM 3.1 1B,Turkish,0.26241762730733315,0.04241743436914973,24,SAA,trend,2024-01
OWSM 4.0 1B,Arabic,0.20545774078862308,0.0176071845851262,60,SAA,trend,2025-05
OWSM 4.0 1B,Dutch,0.12277603349031917,0.009655975825497343,42,SAA,trend,2025-05
OWSM 4.0 1B,English,0.13698351150243795,0.005646016788300706,181,SAA,trend,2025-05
OWSM 4.0 1B,French,0.17240896358543414,0.01995545340379257,45,SAA,trend,2025-05
OWSM 4.0 1B,German,0.1507064364207221,0.01798594251516587,28,SAA,trend,2025-05
OWSM 4.0 1B,Italian,0.17639228055894718,0.021282153892292613,27,SAA,trend,2025-05
OWSM 4.0 1B,Korean,0.20722669011547312,0.02814391009733316,26,SAA,trend,2025-05
OWSM 4.0 1B,Mandarin,0.20152243589743588,0.027861674843840813,28,SAA,trend,2025-05
OWSM 4.0 1B,Portuguese,0.182112084946093,0.017978380710978646,39,SAA,trend,2025-05
OWSM 4.0 1B,Russian,0.20812741970237222,0.017944116048428806,31,SAA,trend,2025-05
OWSM 4.0 1B,Spanish,0.19797334788014156,0.014541052393812854,71,SAA,trend,2025-05
OWSM 4.0 1B,Turkish,0.22085308482367302,0.04015544568703584,24,SAA,trend,2025-05
Omnilingual 7B,Arabic,0.19442176855173432,0.01420446144665704,59,SAA,trend,2025-11
Omnilingual 7B,Dutch,0.13226059654631078,0.009788104717200817,42,SAA,trend,2025-11
Omnilingual 7B,English,0.1339708636043497,0.004423795136279781,181,SAA,trend,2025-11
Omnilingual 7B,French,0.16811983767866118,0.018181462839651403,45,SAA,trend,2025-11
Omnilingual 7B,German,0.13736263736263732,0.014757924393220693,28,SAA,trend,2025-11
Omnilingual 7B,Italian,0.20341727559219813,0.031389413135647,27,SAA,trend,2025-11
Omnilingual 7B,Korean,0.22808101702219347,0.02941152601061949,25,SAA,trend,2025-11
Omnilingual 7B,Mandarin,0.23731848508634218,0.02961047686103951,28,SAA,trend,2025-11
Omnilingual 7B,Portuguese,0.16123889605670977,0.012643257641258912,39,SAA,trend,2025-11
Omnilingual 7B,Russian,0.1873136351314719,0.01755526113125783,31,SAA,trend,2025-11
Omnilingual 7B,Spanish,0.1993157510861256,0.01352844226821934,71,SAA,trend,2025-11
Omnilingual 7B,Turkish,0.24454179665177103,0.029196618558131094,23,SAA,trend,2025-11
Qwen2 Audio 7B,Arabic,0.23503056227438254,0.01368791819467348,59,SAA,trend,2024-08
Qwen2 Audio 7B,Dutch,0.17791732077446357,0.009709985736297956,42,SAA,trend,2024-08
Qwen2 Audio 7B,English,0.16088896545339076,0.003480416538452832,181,SAA,trend,2024-08
Qwen2 Audio 7B,French,0.1765574499030381,0.009381270250316357,44,SAA,trend,2024-08
Qwen2 Audio 7B,German,0.1919152276295133,0.02130250112967125,28,SAA,trend,2024-08
Qwen2 Audio 7B,Italian,0.2556940680005695,0.03479116874215738,27,SAA,trend,2024-08
Qwen2 Audio 7B,Korean,0.27851093099961877,0.03903721742760828,26,SAA,trend,2024-08
Qwen2 Audio 7B,Mandarin,0.22428538723181576,0.018025709657439663,28,SAA,trend,2024-08
Qwen2 Audio 7B,Portuguese,0.21553884711779445,0.01534365111795175,39,SAA,trend,2024-08
Qwen2 Audio 7B,Russian,0.22726609254123478,0.016825085799055187,31,SAA,trend,2024-08
Qwen2 Audio 7B,Spanish,0.22624472054072264,0.011294364259414926,69,SAA,trend,2024-08
Qwen2 Audio 7B,Turkish,0.29106177727501253,0.04066184135775975,24,SAA,trend,2024-08
Qwen3 ASR 1.7B,Arabic,0.1493133474712422,0.013774938376767604,60,SAA,trend,2025-06
Qwen3 ASR 1.7B,Dutch,0.07326007326007324,0.008772256461767535,42,SAA,trend,2025-06
Qwen3 ASR 1.7B,English,0.0686961313853536,0.002954417389311009,181,SAA,trend,2025-06
Qwen3 ASR 1.7B,French,0.10248243042360687,0.010147164107949956,45,SAA,trend,2025-06
Qwen3 ASR 1.7B,German,0.08928571428571426,0.013863948103082878,28,SAA,trend,2025-06
Qwen3 ASR 1.7B,Italian,0.11573464168493405,0.017437200817932604,27,SAA,trend,2025-06
Qwen3 ASR 1.7B,Korean,0.1480808050407955,0.022562307481412237,26,SAA,trend,2025-06
Qwen3 ASR 1.7B,Mandarin,0.13412480376766087,0.017597524852313813,28,SAA,trend,2025-06
Qwen3 ASR 1.7B,Portuguese,0.09826341000430065,0.010530511451608604,39,SAA,trend,2025-06
Qwen3 ASR 1.7B,Russian,0.14325606925227416,0.016931808676858784,31,SAA,trend,2025-06
Qwen3 ASR 1.7B,Spanish,0.1379131799668435,0.011933964838486702,72,SAA,trend,2025-06
Qwen3 ASR 1.7B,Turkish,0.10478390073978305,0.014516251803756453,24,SAA,trend,2025-06
SeamlessM4T,Arabic,0.2046415852665852,0.010992652836212312,60,SAA,trend,2023-12
SeamlessM4T,Dutch,0.1555032269317983,0.005578877364357854,42,SAA,trend,2023-12
SeamlessM4T,English,0.15484893788265144,0.003379931815816144,181,SAA,trend,2023-12
SeamlessM4T,French,0.18576097105508865,0.01685304900283128,45,SAA,trend,2023-12
SeamlessM4T,German,0.14697802197802193,0.004216670623567613,28,SAA,trend,2023-12
SeamlessM4T,Italian,0.20222832722832718,0.02486363444751553,27,SAA,trend,2023-12
SeamlessM4T,Korean,0.21206028035630317,0.01780252004331395,26,SAA,trend,2023-12
SeamlessM4T,Mandarin,0.19512853218210355,0.018840321915723334,28,SAA,trend,2023-12
SeamlessM4T,Portuguese,0.18124453144696054,0.012016139426705387,39,SAA,trend,2023-12
SeamlessM4T,Russian,0.21213100624865328,0.02595117081735155,31,SAA,trend,2023-12
SeamlessM4T,Spanish,0.20413045138604372,0.012072148351641533,71,SAA,trend,2023-12
SeamlessM4T,Turkish,0.24885980033038854,0.039379097376647264,24,SAA,trend,2023-12
WavLM Libri-100h,Arabic,0.5251278271402534,0.027964356548011434,59,SAA,trend,2021-12
WavLM Libri-100h,Dutch,0.37938252223966507,0.02331192881429113,42,SAA,trend,2021-12
WavLM Libri-100h,English,0.33289886476731145,0.010918384294692496,181,SAA,trend,2021-12
WavLM Libri-100h,French,0.4811030309559721,0.02466252512954615,45,SAA,trend,2021-12
WavLM Libri-100h,German,0.3997252747252747,0.038926595616927545,28,SAA,trend,2021-12
WavLM Libri-100h,Italian,0.5126498530136301,0.031079714988080393,27,SAA,trend,2021-12
WavLM Libri-100h,Korean,0.6717931480284421,0.042590053171671825,25,SAA,trend,2021-12
WavLM Libri-100h,Mandarin,0.5199094060701203,0.02421199707274996,28,SAA,trend,2021-12
WavLM Libri-100h,Portuguese,0.527524432382732,0.029833847735266282,39,SAA,trend,2021-12
WavLM Libri-100h,Russian,0.5959713910378046,0.03584130958181825,31,SAA,trend,2021-12
WavLM Libri-100h,Spanish,0.5721234607773656,0.022172657311070425,71,SAA,trend,2021-12
WavLM Libri-100h,Turkish,0.6390787920519378,0.04049127505895109,23,SAA,trend,2021-12
Whisper Large v1,Arabic,0.5092489985354842,0.03835062652911288,43,SAA,trend,2022-09
Whisper Large v1,Dutch,0.5390399074609601,0.044405010540022105,38,SAA,trend,2022-09
Whisper Large v1,English,0.54792601730083,0.022291790820102932,155,SAA,trend,2022-09
Whisper Large v1,French,0.6914751477514082,0.043359058106617186,28,SAA,trend,2022-09
Whisper Large v1,German,0.5829670329670329,0.052120730900655984,20,SAA,trend,2022-09
Whisper Large v1,Italian,0.7405111336032388,0.05101939614947226,16,SAA,trend,2022-09
Whisper Large v1,Korean,0.6378272462831287,0.06895631076129105,16,SAA,trend,2022-09
Whisper Large v1,Mandarin,0.645673076923077,0.047770284926406476,20,SAA,trend,2022-09
Whisper Large v1,Portuguese,0.6538048417747666,0.043002573436518414,28,SAA,trend,2022-09
Whisper Large v1,Russian,0.6668713639301875,0.04844612036872962,20,SAA,trend,2022-09
Whisper Large v1,Spanish,0.6938993304143137,0.03249701092472771,53,SAA,trend,2022-09
Whisper Large v1,Turkish,0.6587301587301587,0.07459208285101097,15,SAA,trend,2022-09
Whisper Large v2,Arabic,0.210678029557829,0.013388473129998671,59,SAA,trend,2022-12
Whisper Large v2,Dutch,0.1759549973835688,0.019167065382421807,42,SAA,trend,2022-12
Whisper Large v2,English,0.1678289274493283,0.005342991224635813,181,SAA,trend,2022-12
Whisper Large v2,French,0.19124937154348914,0.01252754472212767,45,SAA,trend,2022-12
Whisper Large v2,German,0.1658163265306122,0.01693297147299196,28,SAA,trend,2022-12
Whisper Large v2,Italian,0.24867063334555592,0.02994482689161525,27,SAA,trend,2022-12
Whisper Large v2,Korean,0.21102761617467494,0.030822105575781873,24,SAA,trend,2022-12
Whisper Large v2,Mandarin,0.19754873103087386,0.02076574082786884,28,SAA,trend,2022-12
Whisper Large v2,Portuguese,0.1958965460989752,0.013847724292768884,39,SAA,trend,2022-12
Whisper Large v2,Russian,0.20027316137373058,0.01920069017835671,31,SAA,trend,2022-12
Whisper Large v2,Spanish,0.23908701208334918,0.015728125352691816,71,SAA,trend,2022-12
Whisper Large v2,Turkish,0.29906879139615705,0.033030865033599956,23,SAA,trend,2022-12
Whisper Large v3,Arabic,0.20183672193946545,0.016108577940860142,59,SAA,trend,2023-11
Whisper Large v3,Dutch,0.15083725798011507,0.016898622911611417,42,SAA,trend,2023-11
Whisper Large v3,English,0.12327008945703671,0.006124364497118525,181,SAA,trend,2023-11
Whisper Large v3,French,0.1792988220929397,0.016807206209262977,45,SAA,trend,2023-11
Whisper Large v3,German,0.12892464678178958,0.014097755570251044,28,SAA,trend,2023-11
Whisper Large v3,Italian,0.19817045126642643,0.02251460960855306,27,SAA,trend,2023-11
Whisper Large v3,Korean,0.20369144580909282,0.023411612511061622,25,SAA,trend,2023-11
Whisper Large v3,Mandarin,0.1937957875457875,0.023350895723658525,28,SAA,trend,2023-11
Whisper Large v3,Portuguese,0.18659815218519668,0.017473330345662366,39,SAA,trend,2023-11
Whisper Large v3,Russian,0.2046833621786183,0.020142341097201342,31,SAA,trend,2023-11
Whisper Large v3,Spanish,0.19271080160409942,0.013297897237679844,71,SAA,trend,2023-11
Whisper Large v3,Turkish,0.24257094142004623,0.03725646912383172,23,SAA,trend,2023-11
Canary Qwen 2.5B,Irish English,0.08843107296394492,0.026938805899202844,51,Openslr83,degradation,2025-07
Canary Qwen 2.5B,Midlands English,0.025755429607187026,0.010134125933069298,51,Openslr83,degradation,2025-07
Canary Qwen 2.5B,Northern English,0.056217622205285804,0.013972106954820476,51,Openslr83,degradation,2025-07
Canary Qwen 2.5B,Scottish English,0.0398891225823175,0.009576190038240756,51,Openslr83,degradation,2025-07
Canary Qwen 2.5B,Southern English,0.037128768457306054,0.01250446715968443,51,Openslr83,degradation,2025-07
Canary Qwen 2.5B,Welsh English,0.041563951471072204,0.01014271970473842,51,Openslr83,degradation,2025-07
Deepspeech,Irish English,0.3533049685867934,0.038325284162026504,51,Openslr83,degradation,2021-10
Deepspeech,Midlands English,0.16596680911377687,0.021385606271336836,51,Openslr83,degradation,2021-10
Deepspeech,Northern English,0.24996932500188812,0.03494463729623002,51,Openslr83,degradation,2021-10
Deepspeech,Scottish English,0.23059696800363344,0.02474762670054359,51,Openslr83,degradation,2021-10
Deepspeech,Southern English,0.2051704659963629,0.03325685754849283,51,Openslr83,degradation,2021-10
Deepspeech,Welsh English,0.20914473641253825,0.02642023006650598,51,Openslr83,degradation,2021-10
Google Chirp 3,Irish English,0.09046558871226508,0.02303498831826302,51,Openslr83,degradation,2025-10
Google Chirp 3,Midlands English,0.022859107679723226,0.00830127988139316,51,Openslr83,degradation,2025-10
Google Chirp 3,Northern English,0.048820983756015776,0.01330637461026875,51,Openslr83,degradation,2025-10
Google Chirp 3,Scottish English,0.05770802406615554,0.01434790433086815,51,Openslr83,degradation,2025-10
Google Chirp 3,Southern English,0.03604191497744584,0.007730512691101597,51,Openslr83,degradation,2025-10
Google Chirp 3,Welsh English,0.04786788718677262,0.010610226672188866,51,Openslr83,degradation,2025-10
MMS 1B All,Irish English,0.21396278057724058,0.03652702257578897,51,Openslr83,degradation,2023-05
MMS 1B All,Midlands English,0.08724456504596732,0.015547468968754299,51,Openslr83,degradation,2023-05
MMS 1B All,Northern English,0.15109191941870712,0.02422796005645351,51,Openslr83,degradation,2023-05
MMS 1B All,Scottish English,0.15674976026399567,0.018663481315628373,51,Openslr83,degradation,2023-05
MMS 1B All,Southern English,0.15304643692642234,0.02828687580901335,51,Openslr83,degradation,2023-05
MMS 1B All,Welsh English,0.12098890817931063,0.018661028249253295,51,Openslr83,degradation,2023-05
OWSM 1.0 272M,Irish English,0.20473651750422828,0.03246561519664161,51,Openslr83,degradation,2023-09
OWSM 1.0 272M,Midlands English,0.06621530967733845,0.013166941019718242,51,Openslr83,degradation,2023-09
OWSM 1.0 272M,Northern English,0.1372301610802161,0.024945514418057278,51,Openslr83,degradation,2023-09
OWSM 1.0 272M,Scottish English,0.132765235123488,0.017058548403550332,51,Openslr83,degradation,2023-09
OWSM 1.0 272M,Southern English,0.10832074292691667,0.025165203114382518,51,Openslr83,degradation,2023-09
OWSM 1.0 272M,Welsh English,0.08300292099827702,0.014424573287049155,51,Openslr83,degradation,2023-09
OWSM 2.0 739M,Irish English,0.15791631646849275,0.03168018826067102,51,Openslr83,degradation,2023-10
OWSM 2.0 739M,Midlands English,0.035523528135529586,0.009025759900272571,51,Openslr83,degradation,2023-10
OWSM 2.0 739M,Northern English,0.08233213919304992,0.023229977720934682,51,Openslr83,degradation,2023-10
OWSM 2.0 739M,Scottish English,0.07457646106723384,0.013167521797339399,51,Openslr83,degradation,2023-10
OWSM 2.0 739M,Southern English,0.06393815958285089,0.019411431784846788,51,Openslr83,degradation,2023-10
OWSM 2.0 739M,Welsh English,0.05843065774954318,0.011433441472691241,51,Openslr83,degradation,2023-10
OWSM 3.1 1B,Irish English,0.16228036723119588,0.03612726372659507,51,Openslr83,degradation,2024-01
OWSM 3.1 1B,Midlands English,0.040733887951152556,0.01030304739019861,51,Openslr83,degradation,2024-01
OWSM 3.1 1B,Northern English,0.08714807833226906,0.02341587890872397,51,Openslr83,degradation,2024-01
OWSM 3.1 1B,Scottish English,0.07922400050716083,0.014105980611202058,51,Openslr83,degradation,2024-01
OWSM 3.1 1B,Southern English,0.07270464308754236,0.018584416774937735,51,Openslr83,degradation,2024-01
OWSM 3.1 1B,Welsh English,0.060206011165763476,0.014488723440843895,51,Openslr83,degradation,2024-01
OWSM 4.0 1B,Irish English,0.10886027191071809,0.02475423480074346,51,Openslr83,degradation,2025-05
OWSM 4.0 1B,Midlands English,0.03260255135368957,0.008520501751195817,51,Openslr83,degradation,2025-05
OWSM 4.0 1B,Northern English,0.07874019308698982,0.023518615673894745,51,Openslr83,degradation,2025-05
OWSM 4.0 1B,Scottish English,0.0640828072777323,0.012074218102409918,51,Openslr83,degradation,2025-05
OWSM 4.0 1B,Southern English,0.06321981676835071,0.019325839069664612,51,Openslr83,degradation,2025-05
OWSM 4.0 1B,Welsh English,0.04676300078776858,0.011445044970659192,51,Openslr83,degradation,2025-05
Omnilingual 7B,Irish English,0.14738026584866867,0.031983474789723514,51,Openslr83,degradation,2025-11
Omnilingual 7B,Midlands English,0.040338085193302814,0.010564455494244706,51,Openslr83,degradation,2025-11
Omnilingual 7B,Northern English,0.12308049960995887,0.02672210627938562,51,Openslr83,degradation,2025-11
Omnilingual 7B,Scottish English,0.05893537119892367,0.012140660123128567,51,Openslr83,degradation,2025-11
Omnilingual 7B,Southern English,0.06256275682336508,0.013755321204004379,51,Openslr83,degradation,2025-11
Omnilingual 7B,Welsh English,0.06976783908672451,0.013226225637569209,51,Openslr83,degradation,2025-11
Qwen2 Audio 7B,Irish English,0.10615083015556516,0.027840497958784145,51,Openslr83,degradation,2024-08
Qwen2 Audio 7B,Midlands English,0.026431513305488895,0.008355015817090668,51,Openslr83,degradation,2024-08
Qwen2 Audio 7B,Northern English,0.0677267557732429,0.01589826029674498,51,Openslr83,degradation,2024-08
Qwen2 Audio 7B,Scottish English,0.0495151320122485,0.01195059369771017,51,Openslr83,degradation,2024-08
Qwen2 Audio 7B,Southern English,0.04893325193999023,0.011534620749560883,51,Openslr83,degradation,2024-08
Qwen2 Audio 7B,Welsh English,0.06505941026064864,0.021707682698268296,51,Openslr83,degradation,2024-08
Qwen3 ASR 1.7B,Irish English,0.05887973533848601,0.015747001893953862,51,Openslr83,degradation,2025-06
Qwen3 ASR 1.7B,Midlands English,0.02317924761924033,0.0075454574181212765,51,Openslr83,degradation,2025-06
Qwen3 ASR 1.7B,Northern English,0.056227324691768485,0.015465195789621227,51,Openslr83,degradation,2025-06
Qwen3 ASR 1.7B,Scottish English,0.0340986994764388,0.008173616349717474,51,Openslr83,degradation,2025-06
Qwen3 ASR 1.7B,Southern English,0.05211324188468605,0.017930361979674972,51,Openslr83,degradation,2025-06
Qwen3 ASR 1.7B,Welsh English,0.04665622761597993,0.010697671588464651,51,Openslr83,degradation,2025-06
SeamlessM4T,Irish English,0.11133546876307757,0.02611024575232132,51,Openslr83,degradation,2023-12
SeamlessM4T,Midlands English,0.02741205185204456,0.00762798268517718,51,Openslr83,degradation,2023-12
SeamlessM4T,Northern English,0.0688969142667289,0.02185279968276476,51,Openslr83,degradation,2023-12
SeamlessM4T,Scottish English,0.06353169461847297,0.011743274713936902,51,Openslr83,degradation,2023-12
SeamlessM4T,Southern English,0.06423419424421062,0.016081343710070698,51,Openslr83,degradation,2023-12
SeamlessM4T,Welsh English,0.0860330788349364,0.018677844534250865,51,Openslr83,degradation,2023-12
WavLM Libri-100h,Irish English,0.3919406738401457,0.03278775163538368,51,Openslr83,degradation,2021-12
WavLM Libri-100h,Midlands English,0.28008022074312366,0.030605123915139726,51,Openslr83,degradation,2021-12
WavLM Libri-100h,Northern English,0.3330665771349736,0.03374826865808832,51,Openslr83,degradation,2021-12
WavLM Libri-100h,Scottish English,0.3305920338343091,0.025749133046857806,51,Openslr83,degradation,2021-12
WavLM Libri-100h,Southern English,0.3067862655633553,0.034242699711092624,51,Openslr83,degradation,2021-12
WavLM Libri-100h,Welsh English,0.2933832255349283,0.027404157625035022,51,Openslr83,degradation,2021-12
Whisper Large v1,Irish English,1.6452480507968124,0.4306170936937819,50,Openslr83,degradation,2022-09
Whisper Large v1,Midlands English,0.800783430295195,0.24528223920336312,50,Openslr83,degradation,2022-09
Whisper Large v1,Northern English,0.4426323480942106,0.05375669010505264,51,Openslr83,degradation,2022-09
Whisper Large v1,Scottish English,0.5900204009619416,0.24080988315623816,51,Openslr83,degradation,2022-09
Whisper Large v1,Southern English,1.0056260629298328,0.441857087294568,51,Openslr83,degradation,2022-09
Whisper Large v1,Welsh English,0.3722832551005925,0.057035215854897243,51,Openslr83,degradation,2022-09
Whisper Large v2,Irish English,0.1678558408311641,0.035544977503579885,51,Openslr83,degradation,2022-12
Whisper Large v2,Midlands English,0.034735500980265135,0.012059083044914088,51,Openslr83,degradation,2022-12
Whisper Large v2,Northern English,0.07118971662374701,0.015949505192494072,51,Openslr83,degradation,2022-12
Whisper Large v2,Scottish English,0.06308293238224033,0.01440176125750598,51,Openslr83,degradation,2022-12
Whisper Large v2,Southern English,0.05820322544234399,0.01705296712428492,51,Openslr83,degradation,2022-12
Whisper Large v2,Welsh English,0.06018645097592465,0.013158291808900775,51,Openslr83,degradation,2022-12
Whisper Large v3,Irish English,0.17532295122806868,0.042122909399909716,51,Openslr83,degradation,2023-11
Whisper Large v3,Midlands English,0.026462367165335655,0.007885433143379405,51,Openslr83,degradation,2023-11
Whisper Large v3,Northern English,0.07275085188730442,0.022669929438395648,51,Openslr83,degradation,2023-11
Whisper Large v3,Scottish English,0.05839421375753555,0.014528955415650703,51,Openslr83,degradation,2023-11
Whisper Large v3,Southern English,0.05641331310790424,0.015199618144401982,51,Openslr83,degradation,2023-11
Whisper Large v3,Welsh English,0.0574306011612513,0.012925183937755656,51,Openslr83,degradation,2023-11
Canary Qwen 2.5B,Irish English,0.08843107296394492,0.026938805899202844,51,Openslr83,trend,2025-07
Canary Qwen 2.5B,Midlands English,0.025755429607187026,0.010134125933069298,51,Openslr83,trend,2025-07
Canary Qwen 2.5B,Northern English,0.056217622205285804,0.013972106954820476,51,Openslr83,trend,2025-07
Canary Qwen 2.5B,Scottish English,0.0398891225823175,0.009576190038240756,51,Openslr83,trend,2025-07
Canary Qwen 2.5B,Southern English,0.037128768457306054,0.01250446715968443,51,Openslr83,trend,2025-07
Canary Qwen 2.5B,Welsh English,0.041563951471072204,0.01014271970473842,51,Openslr83,trend,2025-07
Deepspeech,Irish English,0.3533049685867934,0.038325284162026504,51,Openslr83,trend,2021-10
Deepspeech,Midlands English,0.16596680911377687,0.021385606271336836,51,Openslr83,trend,2021-10
Deepspeech,Northern English,0.23330204483525926,0.03133420958587992,50,Openslr83,trend,2021-10
Deepspeech,Scottish English,0.23059696800363344,0.02474762670054359,51,Openslr83,trend,2021-10
Deepspeech,Southern English,0.2051704659963629,0.03325685754849283,51,Openslr83,trend,2021-10
Deepspeech,Welsh English,0.20914473641253825,0.02642023006650598,51,Openslr83,trend,2021-10
Google Chirp 3,Irish English,0.09046558871226508,0.02303498831826302,51,Openslr83,trend,2025-10
Google Chirp 3,Midlands English,0.022859107679723226,0.00830127988139316,51,Openslr83,trend,2025-10
Google Chirp 3,Northern English,0.048820983756015776,0.01330637461026875,51,Openslr83,trend,2025-10
Google Chirp 3,Scottish English,0.05770802406615554,0.01434790433086815,51,Openslr83,trend,2025-10
Google Chirp 3,Southern English,0.03604191497744584,0.007730512691101597,51,Openslr83,trend,2025-10
Google Chirp 3,Welsh English,0.04786788718677262,0.010610226672188866,51,Openslr83,trend,2025-10
MMS 1B All,Irish English,0.21396278057724058,0.03652702257578897,51,Openslr83,trend,2023-05
MMS 1B All,Midlands English,0.08724456504596732,0.015547468968754299,51,Openslr83,trend,2023-05
MMS 1B All,Northern English,0.15109191941870712,0.02422796005645351,51,Openslr83,trend,2023-05
MMS 1B All,Scottish English,0.15674976026399567,0.018663481315628373,51,Openslr83,trend,2023-05
MMS 1B All,Southern English,0.15304643692642234,0.02828687580901335,51,Openslr83,trend,2023-05
MMS 1B All,Welsh English,0.12098890817931063,0.018661028249253295,51,Openslr83,trend,2023-05
OWSM 1.0 272M,Irish English,0.20473651750422828,0.03246561519664161,51,Openslr83,trend,2023-09
OWSM 1.0 272M,Midlands English,0.06621530967733845,0.013166941019718242,51,Openslr83,trend,2023-09
OWSM 1.0 272M,Northern English,0.1372301610802161,0.024945514418057278,51,Openslr83,trend,2023-09
OWSM 1.0 272M,Scottish English,0.132765235123488,0.017058548403550332,51,Openslr83,trend,2023-09
OWSM 1.0 272M,Southern English,0.10832074292691667,0.025165203114382518,51,Openslr83,trend,2023-09
OWSM 1.0 272M,Welsh English,0.08300292099827702,0.014424573287049155,51,Openslr83,trend,2023-09
OWSM 2.0 739M,Irish English,0.15791631646849275,0.03168018826067102,51,Openslr83,trend,2023-10
OWSM 2.0 739M,Midlands English,0.035523528135529586,0.009025759900272571,51,Openslr83,trend,2023-10
OWSM 2.0 739M,Northern English,0.08233213919304992,0.023229977720934682,51,Openslr83,trend,2023-10
OWSM 2.0 739M,Scottish English,0.07457646106723384,0.013167521797339399,51,Openslr83,trend,2023-10
OWSM 2.0 739M,Southern English,0.06393815958285089,0.019411431784846788,51,Openslr83,trend,2023-10
OWSM 2.0 739M,Welsh English,0.05843065774954318,0.011433441472691241,51,Openslr83,trend,2023-10
OWSM 3.1 1B,Irish English,0.16228036723119588,0.03612726372659507,51,Openslr83,trend,2024-01
OWSM 3.1 1B,Midlands English,0.040733887951152556,0.01030304739019861,51,Openslr83,trend,2024-01
OWSM 3.1 1B,Northern English,0.08714807833226906,0.02341587890872397,51,Openslr83,trend,2024-01
OWSM 3.1 1B,Scottish English,0.07922400050716083,0.014105980611202058,51,Openslr83,trend,2024-01
OWSM 3.1 1B,Southern English,0.07270464308754236,0.018584416774937735,51,Openslr83,trend,2024-01
OWSM 3.1 1B,Welsh English,0.060206011165763476,0.014488723440843895,51,Openslr83,trend,2024-01
OWSM 4.0 1B,Irish English,0.10886027191071809,0.02475423480074346,51,Openslr83,trend,2025-05
OWSM 4.0 1B,Midlands English,0.03260255135368957,0.008520501751195817,51,Openslr83,trend,2025-05
OWSM 4.0 1B,Northern English,0.07874019308698982,0.023518615673894745,51,Openslr83,trend,2025-05
OWSM 4.0 1B,Scottish English,0.0640828072777323,0.012074218102409918,51,Openslr83,trend,2025-05
OWSM 4.0 1B,Southern English,0.06321981676835071,0.019325839069664612,51,Openslr83,trend,2025-05
OWSM 4.0 1B,Welsh English,0.04676300078776858,0.011445044970659192,51,Openslr83,trend,2025-05
Omnilingual 7B,Irish English,0.14738026584866867,0.031983474789723514,51,Openslr83,trend,2025-11
Omnilingual 7B,Midlands English,0.040338085193302814,0.010564455494244706,51,Openslr83,trend,2025-11
Omnilingual 7B,Northern English,0.12308049960995887,0.02672210627938562,51,Openslr83,trend,2025-11
Omnilingual 7B,Scottish English,0.05893537119892367,0.012140660123128567,51,Openslr83,trend,2025-11
Omnilingual 7B,Southern English,0.06256275682336508,0.013755321204004379,51,Openslr83,trend,2025-11
Omnilingual 7B,Welsh English,0.06976783908672451,0.013226225637569209,51,Openslr83,trend,2025-11
Qwen2 Audio 7B,Irish English,0.10615083015556516,0.027840497958784145,51,Openslr83,trend,2024-08
Qwen2 Audio 7B,Midlands English,0.026431513305488895,0.008355015817090668,51,Openslr83,trend,2024-08
Qwen2 Audio 7B,Northern English,0.0677267557732429,0.01589826029674498,51,Openslr83,trend,2024-08
Qwen2 Audio 7B,Scottish English,0.0495151320122485,0.01195059369771017,51,Openslr83,trend,2024-08
Qwen2 Audio 7B,Southern English,0.04893325193999023,0.011534620749560883,51,Openslr83,trend,2024-08
Qwen2 Audio 7B,Welsh English,0.06505941026064864,0.021707682698268296,51,Openslr83,trend,2024-08
Qwen3 ASR 1.7B,Irish English,0.05887973533848601,0.015747001893953862,51,Openslr83,trend,2025-06
Qwen3 ASR 1.7B,Midlands English,0.02317924761924033,0.0075454574181212765,51,Openslr83,trend,2025-06
Qwen3 ASR 1.7B,Northern English,0.056227324691768485,0.015465195789621227,51,Openslr83,trend,2025-06
Qwen3 ASR 1.7B,Scottish English,0.0340986994764388,0.008173616349717474,51,Openslr83,trend,2025-06
Qwen3 ASR 1.7B,Southern English,0.05211324188468605,0.017930361979674972,51,Openslr83,trend,2025-06
Qwen3 ASR 1.7B,Welsh English,0.04665622761597993,0.010697671588464651,51,Openslr83,trend,2025-06
SeamlessM4T,Irish English,0.11133546876307757,0.02611024575232132,51,Openslr83,trend,2023-12
SeamlessM4T,Midlands English,0.02741205185204456,0.00762798268517718,51,Openslr83,trend,2023-12
SeamlessM4T,Northern English,0.0688969142667289,0.02185279968276476,51,Openslr83,trend,2023-12
SeamlessM4T,Scottish English,0.06353169461847297,0.011743274713936902,51,Openslr83,trend,2023-12
SeamlessM4T,Southern English,0.06423419424421062,0.016081343710070698,51,Openslr83,trend,2023-12
SeamlessM4T,Welsh English,0.0860330788349364,0.018677844534250865,51,Openslr83,trend,2023-12
WavLM Libri-100h,Irish English,0.3919406738401457,0.03278775163538368,51,Openslr83,trend,2021-12
WavLM Libri-100h,Midlands English,0.28008022074312366,0.030605123915139726,51,Openslr83,trend,2021-12
WavLM Libri-100h,Northern English,0.3330665771349736,0.03374826865808832,51,Openslr83,trend,2021-12
WavLM Libri-100h,Scottish English,0.3305920338343091,0.025749133046857806,51,Openslr83,trend,2021-12
WavLM Libri-100h,Southern English,0.2900648480174796,0.030486126191081125,50,Openslr83,trend,2021-12
WavLM Libri-100h,Welsh English,0.2933832255349283,0.027404157625035022,51,Openslr83,trend,2021-12
Whisper Large v1,Irish English,0.6824682709923243,0.036628729895023915,39,Openslr83,trend,2022-09
Whisper Large v1,Midlands English,0.3384507250193524,0.06026288163122121,45,Openslr83,trend,2022-09
Whisper Large v1,Northern English,0.4074109926876251,0.049415230774015995,49,Openslr83,trend,2022-09
Whisper Large v1,Scottish English,0.27783818243231945,0.03742569643604936,48,Openslr83,trend,2022-09
Whisper Large v1,Southern English,0.3261790089200527,0.046966866552715696,42,Openslr83,trend,2022-09
Whisper Large v1,Welsh English,0.30064355113697216,0.038217334768764634,48,Openslr83,trend,2022-09
Whisper Large v2,Irish English,0.14454629098112068,0.027377044565316692,50,Openslr83,trend,2022-12
Whisper Large v2,Midlands English,0.034735500980265135,0.012059083044914088,51,Openslr83,trend,2022-12
Whisper Large v2,Northern English,0.07118971662374701,0.015949505192494072,51,Openslr83,trend,2022-12
Whisper Large v2,Scottish English,0.06308293238224033,0.01440176125750598,51,Openslr83,trend,2022-12
Whisper Large v2,Southern English,0.05820322544234399,0.01705296712428492,51,Openslr83,trend,2022-12
Whisper Large v2,Welsh English,0.06018645097592465,0.013158291808900775,51,Openslr83,trend,2022-12
Whisper Large v3,Irish English,0.14882941025263005,0.033409646941089284,50,Openslr83,trend,2023-11
Whisper Large v3,Midlands English,0.026462367165335655,0.007885433143379405,51,Openslr83,trend,2023-11
Whisper Large v3,Northern English,0.07275085188730442,0.022669929438395648,51,Openslr83,trend,2023-11
Whisper Large v3,Scottish English,0.05839421375753555,0.014528955415650703,51,Openslr83,trend,2023-11
Whisper Large v3,Southern English,0.05641331310790424,0.015199618144401982,51,Openslr83,trend,2023-11
Whisper Large v3,Welsh English,0.0574306011612513,0.012925183937755656,51,Openslr83,trend,2023-11
